det_part,timestamp,current
FPix_BpI_D1_ROG1_RNG2_HV,2024-05-13 01:11:19,907.770833333
FPix_BpI_D1_ROG1_RNG2_HV,2024-05-20 22:04:13,946.0
FPix_BpI_D1_ROG1_RNG2_HV,2024-07-02 01:46:17,1075.5483871
FPix_BpI_D1_ROG1_RNG2_HV,2024-07-16 06:39:06,1156.51428571
FPix_BpI_D1_ROG1_RNG2_HV,2024-07-31 00:09:17,1283.93243243
FPix_BpI_D1_ROG1_RNG2_HV,2024-08-12 22:41:54,1363.73
FPix_BpI_D1_ROG1_RNG2_HV,2024-08-24 18:07:34,1344.37333333
FPix_BpI_D1_ROG1_RNG2_HV,2024-09-15 02:15:35,1564.74
FPix_BpI_D1_ROG1_RNG2_HV,2024-10-04 17:22:51,1600.76100629
FPix_BpI_D1_ROG1_RNG2_HV,2025-05-29 09:05:55,1486.64835165
FPix_BpI_D1_ROG1_RNG2_HV,2025-06-08 04:06:08,1622.29661017
BPix_BmO_SEC2_LAY14_LAY4_HV,2024-05-13 00:31:01,1275.21942446
BPix_BmO_SEC2_LAY14_LAY4_HV,2024-05-20 22:30:55,1288.27635328
BPix_BmO_SEC2_LAY14_LAY4_HV,2024-07-02 01:30:19,1456.07472325
BPix_BmO_SEC2_LAY14_LAY4_HV,2024-07-16 07:00:34,1586.02989324
BPix_BmO_SEC2_LAY14_LAY4_HV,2024-07-31 00:16:50,1761.61775148
BPix_BmO_SEC2_LAY14_LAY4_HV,2024-08-12 23:01:09,1877.90390215
BPix_BmO_SEC2_LAY14_LAY4_HV,2024-08-24 19:22:03,1923.36548021
BPix_BmO_SEC2_LAY14_LAY4_HV,2024-09-15 02:30:54,2147.18999561
BPix_BmO_SEC2_LAY14_LAY4_HV,2024-10-04 17:27:44,2207.46357895
BPix_BmO_SEC2_LAY14_LAY4_HV,2025-05-29 09:26:46,2065.26362824
BPix_BmO_SEC2_LAY14_LAY4_HV,2025-06-08 03:59:23,2177.56819407
FPix_BpI_D1_ROG3_RNG2_HV,2024-05-13 01:11:37,891.293814433
FPix_BpI_D1_ROG3_RNG2_HV,2024-05-20 22:47:17,924.055555556
FPix_BpI_D1_ROG3_RNG2_HV,2024-07-02 01:30:44,1063.6097561
FPix_BpI_D1_ROG3_RNG2_HV,2024-07-16 06:53:57,1143.53658537
FPix_BpI_D1_ROG3_RNG2_HV,2024-07-30 23:54:06,1260.29
FPix_BpI_D1_ROG3_RNG2_HV,2024-08-12 22:52:15,1312.90506329
FPix_BpI_D1_ROG3_RNG2_HV,2024-08-24 17:56:16,1310.47821782
FPix_BpI_D1_ROG3_RNG2_HV,2024-09-15 02:42:40,1511.50837989
FPix_BpI_D1_ROG3_RNG2_HV,2024-10-04 17:10:10,1549.29139073
FPix_BpI_D1_ROG3_RNG2_HV,2025-05-29 09:04:00,1426.76335878
FPix_BpI_D1_ROG3_RNG2_HV,2025-06-08 03:45:00,1569.34782609
FPix_BpO_D3_ROG1_RNG2_HV,2024-05-13 00:58:51,1019.06390977
FPix_BpO_D3_ROG1_RNG2_HV,2024-05-20 22:30:19,1063.04761905
FPix_BpO_D3_ROG1_RNG2_HV,2024-07-02 01:36:55,1205.71084337
FPix_BpO_D3_ROG1_RNG2_HV,2024-07-16 07:01:41,1297.13333333
FPix_BpO_D3_ROG1_RNG2_HV,2024-07-30 23:46:29,1434.42028986
FPix_BpO_D3_ROG1_RNG2_HV,2024-08-12 23:08:34,1522.95890411
FPix_BpO_D3_ROG1_RNG2_HV,2024-08-24 18:23:28,1493.14201681
FPix_BpO_D3_ROG1_RNG2_HV,2024-09-15 02:36:01,1738.30288462
FPix_BpO_D3_ROG1_RNG2_HV,2024-10-04 17:27:13,1778.64351852
FPix_BpO_D3_ROG1_RNG2_HV,2025-05-29 09:23:41,1663.936
FPix_BpO_D3_ROG1_RNG2_HV,2025-06-08 03:56:47,1804.06372549
FPix_BmI_D2_ROG1_RNG1_HV,2024-05-13 00:52:58,1546.23741007
FPix_BmI_D2_ROG1_RNG1_HV,2024-05-20 22:19:41,1552.95454545
FPix_BmI_D2_ROG1_RNG1_HV,2024-07-02 01:26:05,1887.54822335
FPix_BmI_D2_ROG1_RNG1_HV,2024-07-16 06:55:14,1994.87447699
FPix_BmI_D2_ROG1_RNG1_HV,2024-07-31 00:04:34,2190.59459459
FPix_BmI_D2_ROG1_RNG1_HV,2024-08-12 22:51:29,2321.31141869
FPix_BmI_D2_ROG1_RNG1_HV,2024-08-24 18:25:45,2275.92944251
FPix_BmI_D2_ROG1_RNG1_HV,2024-09-15 02:30:50,2614.87068966
FPix_BmI_D2_ROG1_RNG1_HV,2024-10-04 17:18:21,2709.08965517
FPix_BmI_D2_ROG1_RNG1_HV,2025-05-29 09:22:42,2609.14578005
FPix_BmI_D2_ROG1_RNG1_HV,2025-06-08 04:02:53,2879.76256499
FPix_BmO_D1_ROG2_RNG2_HV,2024-05-13 00:23:53,1075.84411765
FPix_BmO_D1_ROG2_RNG2_HV,2024-05-20 22:29:26,1088.08157895
FPix_BmO_D1_ROG2_RNG2_HV,2024-07-02 01:25:51,1235.07966457
FPix_BmO_D1_ROG2_RNG2_HV,2024-07-16 07:00:37,1333.52307692
FPix_BmO_D1_ROG2_RNG2_HV,2024-07-31 00:17:29,1482.35369775
FPix_BmO_D1_ROG2_RNG2_HV,2024-08-12 22:49:03,1578.25
FPix_BmO_D1_ROG2_RNG2_HV,2024-08-24 18:54:00,1590.12668377
FPix_BmO_D1_ROG2_RNG2_HV,2024-09-15 02:34:39,1750.52102102
FPix_BmO_D1_ROG2_RNG2_HV,2024-10-04 17:27:57,1786.79333333
FPix_BmO_D1_ROG2_RNG2_HV,2025-05-29 09:22:57,1684.1627907
FPix_BmO_D1_ROG2_RNG2_HV,2025-06-08 04:04:53,1846.51910112
BPix_BmI_SEC6_LAY23_LAY2_HV,2024-05-13 00:32:32,1457.10564399
BPix_BmI_SEC6_LAY23_LAY2_HV,2024-05-20 22:29:16,1470.10195228
BPix_BmI_SEC6_LAY23_LAY2_HV,2024-07-02 01:31:50,1669.5433526
BPix_BmI_SEC6_LAY23_LAY2_HV,2024-07-16 07:01:26,1808.48092031
BPix_BmI_SEC6_LAY23_LAY2_HV,2024-07-31 00:16:53,1999.34174848
BPix_BmI_SEC6_LAY23_LAY2_HV,2024-08-12 23:01:29,2120.98775318
BPix_BmI_SEC6_LAY23_LAY2_HV,2024-08-24 19:25:26,2179.2361486
BPix_BmI_SEC6_LAY23_LAY2_HV,2024-09-15 02:31:14,2408.88131313
BPix_BmI_SEC6_LAY23_LAY2_HV,2024-10-04 17:30:37,2496.3670669
BPix_BmI_SEC6_LAY23_LAY2_HV,2025-05-29 09:29:25,2467.06332637
BPix_BmI_SEC6_LAY23_LAY2_HV,2025-06-08 03:59:31,2589.78345725
FPix_BmO_D1_ROG1_RNG1_HV,2024-05-13 00:55:48,1325.03846154
FPix_BmO_D1_ROG1_RNG1_HV,2024-05-20 22:25:56,1355.30555556
FPix_BmO_D1_ROG1_RNG1_HV,2024-07-02 01:33:57,1646.2866242
FPix_BmO_D1_ROG1_RNG1_HV,2024-07-16 06:57:48,1748.35064935
FPix_BmO_D1_ROG1_RNG1_HV,2024-07-31 00:05:49,1926.5
FPix_BmO_D1_ROG1_RNG1_HV,2024-08-12 22:45:43,2043.4754717
FPix_BmO_D1_ROG1_RNG1_HV,2024-08-24 18:34:33,2003.43146274
FPix_BmO_D1_ROG1_RNG1_HV,2024-09-15 02:31:55,2281.80906149
FPix_BmO_D1_ROG1_RNG1_HV,2024-10-04 17:17:13,2349.40419948
FPix_BmO_D1_ROG1_RNG1_HV,2025-05-29 09:22:45,2260.41509434
FPix_BmO_D1_ROG1_RNG1_HV,2025-06-08 03:59:27,2487.13373253
BPix_BpO_SEC4_LAY23_LAY3_HV,2024-05-13 00:31:07,4564.20296643
BPix_BpO_SEC4_LAY23_LAY3_HV,2024-05-20 22:30:16,4562.32986111
BPix_BpO_SEC4_LAY23_LAY3_HV,2024-07-02 01:30:05,5380.08655275
BPix_BpO_SEC4_LAY23_LAY3_HV,2024-07-16 07:00:55,5709.40612557
BPix_BpO_SEC4_LAY23_LAY3_HV,2024-07-31 00:15:46,6360.24431663
BPix_BpO_SEC4_LAY23_LAY3_HV,2024-08-12 22:59:45,6795.23469684
BPix_BpO_SEC4_LAY23_LAY3_HV,2024-08-24 19:24:34,6944.31736884
BPix_BpO_SEC4_LAY23_LAY3_HV,2024-09-15 02:29:37,7792.0171442
BPix_BpO_SEC4_LAY23_LAY3_HV,2024-10-04 17:31:22,8318.24982715
BPix_BpO_SEC4_LAY23_LAY3_HV,2025-05-29 09:29:28,8377.0425801
BPix_BpO_SEC4_LAY23_LAY3_HV,2025-06-08 03:59:56,9469.4743083
BPix_BpI_SEC3_LAY23_LAY3_HV,2024-05-13 00:30:46,1697.30663329
BPix_BpI_SEC3_LAY23_LAY3_HV,2024-05-20 22:30:54,1684.39770554
BPix_BpI_SEC3_LAY23_LAY3_HV,2024-07-02 01:30:28,1958.77742749
BPix_BpI_SEC3_LAY23_LAY3_HV,2024-07-16 07:00:35,2101.54091132
BPix_BpI_SEC3_LAY23_LAY3_HV,2024-07-31 00:16:01,2332.50368852
BPix_BpI_SEC3_LAY23_LAY3_HV,2024-08-12 23:00:27,2478.66794218
BPix_BpI_SEC3_LAY23_LAY3_HV,2024-08-24 19:24:56,2546.19277786
BPix_BpI_SEC3_LAY23_LAY3_HV,2024-09-15 02:29:55,2824.63084866
BPix_BpI_SEC3_LAY23_LAY3_HV,2024-10-04 17:29:32,2950.85602748
BPix_BpI_SEC3_LAY23_LAY3_HV,2025-05-29 09:29:26,2900.38922889
BPix_BpI_SEC3_LAY23_LAY3_HV,2025-06-08 04:00:18,3189.47117794
BPix_BpO_SEC6_LAY14_LAY4_HV,2024-05-13 00:32:27,1220.79245283
BPix_BpO_SEC6_LAY14_LAY4_HV,2024-05-20 22:28:46,1232.98533724
BPix_BpO_SEC6_LAY14_LAY4_HV,2024-07-02 01:31:33,1393.95009416
BPix_BpO_SEC6_LAY14_LAY4_HV,2024-07-16 07:01:12,1519.3248227
BPix_BpO_SEC6_LAY14_LAY4_HV,2024-07-31 00:16:06,1690.64705882
BPix_BpO_SEC6_LAY14_LAY4_HV,2024-08-12 22:59:53,1802.59547124
BPix_BpO_SEC6_LAY14_LAY4_HV,2024-08-24 19:29:54,1848.02876905
BPix_BpO_SEC6_LAY14_LAY4_HV,2024-09-15 02:30:19,2062.9758027
BPix_BpO_SEC6_LAY14_LAY4_HV,2024-10-04 17:27:33,2122.23242349
BPix_BpO_SEC6_LAY14_LAY4_HV,2025-05-29 09:30:37,1979.59123435
BPix_BpO_SEC6_LAY14_LAY4_HV,2025-06-08 03:58:26,2088.76811594
BPix_BpO_SEC3_LAY14_LAY4_HV,2024-05-13 00:33:12,1269.62270451
BPix_BpO_SEC3_LAY14_LAY4_HV,2024-05-20 22:29:22,1282.71782178
BPix_BpO_SEC3_LAY14_LAY4_HV,2024-07-02 01:30:57,1452.71393443
BPix_BpO_SEC3_LAY14_LAY4_HV,2024-07-16 07:01:03,1582.87092568
BPix_BpO_SEC3_LAY14_LAY4_HV,2024-07-31 00:14:42,1763.45541761
BPix_BpO_SEC3_LAY14_LAY4_HV,2024-08-12 23:03:01,1878.87554348
BPix_BpO_SEC3_LAY14_LAY4_HV,2024-08-24 19:25:25,1926.07271702
BPix_BpO_SEC3_LAY14_LAY4_HV,2024-09-15 02:30:32,2152.10254307
BPix_BpO_SEC3_LAY14_LAY4_HV,2024-10-04 17:29:59,2211.8671356
BPix_BpO_SEC3_LAY14_LAY4_HV,2025-05-29 09:28:53,2074.63097199
BPix_BpO_SEC3_LAY14_LAY4_HV,2025-06-08 04:01:45,2181.59512701
FPix_BpO_D1_ROG4_RNG1_HV,2024-05-13 00:44:08,1476.96634615
FPix_BpO_D1_ROG4_RNG1_HV,2024-05-20 22:24:46,1484.6344086
FPix_BpO_D1_ROG4_RNG1_HV,2024-07-02 01:22:50,1773.25570776
FPix_BpO_D1_ROG4_RNG1_HV,2024-07-16 07:00:20,1883.62725451
FPix_BpO_D1_ROG4_RNG1_HV,2024-07-31 00:09:46,2091.40495868
FPix_BpO_D1_ROG4_RNG1_HV,2024-08-12 22:58:38,2242.42982456
FPix_BpO_D1_ROG4_RNG1_HV,2024-08-24 19:12:12,2208.95880261
FPix_BpO_D1_ROG4_RNG1_HV,2024-09-15 02:29:32,2501.33492063
FPix_BpO_D1_ROG4_RNG1_HV,2024-10-04 17:15:02,2614.83557549
FPix_BpO_D1_ROG4_RNG1_HV,2025-05-29 09:17:42,2451.86600496
FPix_BpO_D1_ROG4_RNG1_HV,2025-06-08 03:53:35,2679.24904215
FPix_BmI_D1_ROG4_RNG2_HV,2024-05-13 01:04:56,969.404347826
FPix_BmI_D1_ROG4_RNG2_HV,2024-05-20 22:31:26,1008.2826087
FPix_BmI_D1_ROG4_RNG2_HV,2024-07-02 01:29:31,1131.90123457
FPix_BmI_D1_ROG4_RNG2_HV,2024-07-16 06:53:12,1210.0
FPix_BmI_D1_ROG4_RNG2_HV,2024-07-31 00:16:55,1334.88321168
FPix_BmI_D1_ROG4_RNG2_HV,2024-08-12 22:53:03,1397.17171717
FPix_BmI_D1_ROG4_RNG2_HV,2024-08-24 18:22:33,1393.76407285
FPix_BmI_D1_ROG4_RNG2_HV,2024-09-15 02:22:50,1602.7
FPix_BmI_D1_ROG4_RNG2_HV,2024-10-04 17:37:21,1643.32797428
FPix_BmI_D1_ROG4_RNG2_HV,2025-05-29 09:10:57,1547.91366906
FPix_BmI_D1_ROG4_RNG2_HV,2025-06-08 03:56:29,1689.84279476
FPix_BpI_D3_ROG4_RNG1_HV,2024-05-13 01:00:00,1518.39751553
FPix_BpI_D3_ROG4_RNG1_HV,2024-05-20 22:30:41,1549.5
FPix_BpI_D3_ROG4_RNG1_HV,2024-07-02 01:33:05,1867.88607595
FPix_BpI_D3_ROG4_RNG1_HV,2024-07-16 07:05:31,1983.29508197
FPix_BpI_D3_ROG4_RNG1_HV,2024-07-31 00:10:27,2189.6473029
FPix_BpI_D3_ROG4_RNG1_HV,2024-08-12 22:59:01,2324.68498168
FPix_BpI_D3_ROG4_RNG1_HV,2024-08-24 18:31:46,2264.21402214
FPix_BpI_D3_ROG4_RNG1_HV,2024-09-15 02:28:20,2636.98427673
FPix_BpI_D3_ROG4_RNG1_HV,2024-10-04 17:21:45,2722.31506849
FPix_BpI_D3_ROG4_RNG1_HV,2025-05-29 09:17:06,2570.94984326
FPix_BpI_D3_ROG4_RNG1_HV,2025-06-08 03:52:30,2824.22680412
BPix_BpO_SEC6_LAY23_LAY3_HV,2024-05-13 00:30:56,2325.05439331
BPix_BpO_SEC6_LAY23_LAY3_HV,2024-05-20 22:29:28,2325.01724138
BPix_BpO_SEC6_LAY23_LAY3_HV,2024-07-02 01:29:50,2732.59562564
BPix_BpO_SEC6_LAY23_LAY3_HV,2024-07-16 07:00:01,2942.94780876
BPix_BpO_SEC6_LAY23_LAY3_HV,2024-07-31 00:16:42,3269.26737419
BPix_BpO_SEC6_LAY23_LAY3_HV,2024-08-12 22:59:13,3466.41410165
BPix_BpO_SEC6_LAY23_LAY3_HV,2024-08-24 19:24:45,3548.57247537
BPix_BpO_SEC6_LAY23_LAY3_HV,2024-09-15 02:29:08,3975.67082153
BPix_BpO_SEC6_LAY23_LAY3_HV,2024-10-04 17:30:00,4234.63611416
BPix_BpO_SEC6_LAY23_LAY3_HV,2025-05-29 09:28:53,4235.12848297
BPix_BpO_SEC6_LAY23_LAY3_HV,2025-06-08 04:01:11,4781.33883388
FPix_BpO_D2_ROG2_RNG1_HV,2024-05-13 01:10:32,839.403409091
FPix_BpO_D2_ROG2_RNG1_HV,2024-05-20 22:22:49,861.625
FPix_BpO_D2_ROG2_RNG1_HV,2024-07-02 01:36:49,1028.46956522
FPix_BpO_D2_ROG2_RNG1_HV,2024-07-16 06:59:55,1086.87022901
FPix_BpO_D2_ROG2_RNG1_HV,2024-07-31 00:23:01,1218.54225352
FPix_BpO_D2_ROG2_RNG1_HV,2024-08-12 22:40:29,1289.03067485
FPix_BpO_D2_ROG2_RNG1_HV,2024-08-24 18:00:49,1253.82786885
FPix_BpO_D2_ROG2_RNG1_HV,2024-09-15 02:32:11,1467.24338624
FPix_BpO_D2_ROG2_RNG1_HV,2024-10-04 17:23:17,1503.46413502
FPix_BpO_D2_ROG2_RNG1_HV,2025-05-29 09:05:51,1417.14130435
FPix_BpO_D2_ROG2_RNG1_HV,2025-06-08 03:58:21,1546.12552301
BPix_BpO_SEC4_LAY14_LAY4_HV,2024-05-13 00:33:48,1973.76353276
BPix_BpO_SEC4_LAY14_LAY4_HV,2024-05-20 22:30:04,1998.3143508
BPix_BpO_SEC4_LAY14_LAY4_HV,2024-07-02 01:30:19,2266.05932203
BPix_BpO_SEC4_LAY14_LAY4_HV,2024-07-16 06:59:46,2447.41981982
BPix_BpO_SEC4_LAY14_LAY4_HV,2024-07-31 00:15:19,2713.90569948
BPix_BpO_SEC4_LAY14_LAY4_HV,2024-08-12 22:59:48,2888.35315597
BPix_BpO_SEC4_LAY14_LAY4_HV,2024-08-24 19:21:20,2953.87597975
BPix_BpO_SEC4_LAY14_LAY4_HV,2024-09-15 02:29:33,3297.64088191
BPix_BpO_SEC4_LAY14_LAY4_HV,2024-10-04 17:29:42,3389.44416151
BPix_BpO_SEC4_LAY14_LAY4_HV,2025-05-29 09:29:23,3264.01143293
BPix_BpO_SEC4_LAY14_LAY4_HV,2025-06-08 04:00:51,3437.46666667
BPix_BpI_SEC4_LAY23_LAY2_HV,2024-05-13 00:32:57,1668.01732673
BPix_BpI_SEC4_LAY23_LAY2_HV,2024-05-20 22:31:11,1686.2037037
BPix_BpI_SEC4_LAY23_LAY2_HV,2024-07-02 01:28:40,1912.358125
BPix_BpI_SEC4_LAY23_LAY2_HV,2024-07-16 07:00:46,2055.05834137
BPix_BpI_SEC4_LAY23_LAY2_HV,2024-07-31 00:15:58,2272.7936772
BPix_BpI_SEC4_LAY23_LAY2_HV,2024-08-12 22:59:47,2409.93855932
BPix_BpI_SEC4_LAY23_LAY2_HV,2024-08-24 19:25:37,2468.28110566
BPix_BpI_SEC4_LAY23_LAY2_HV,2024-09-15 02:30:04,2687.86596583
BPix_BpI_SEC4_LAY23_LAY2_HV,2024-10-04 17:29:58,2833.73181531
BPix_BpI_SEC4_LAY23_LAY2_HV,2025-05-29 09:29:27,2761.04643963
BPix_BpI_SEC4_LAY23_LAY2_HV,2025-06-08 03:59:54,2902.40086207
BPix_BmI_SEC8_LAY14_LAY4_HV,2024-05-13 00:33:14,1401.81061947
BPix_BmI_SEC8_LAY14_LAY4_HV,2024-05-20 22:28:37,1419.45303867
BPix_BmI_SEC8_LAY14_LAY4_HV,2024-07-02 01:29:53,1611.29826087
BPix_BmI_SEC8_LAY14_LAY4_HV,2024-07-16 07:01:05,1752.74870274
BPix_BmI_SEC8_LAY14_LAY4_HV,2024-07-31 00:15:41,1949.07737397
BPix_BmI_SEC8_LAY14_LAY4_HV,2024-08-12 23:01:24,2076.2930622
BPix_BmI_SEC8_LAY14_LAY4_HV,2024-08-24 19:26:06,2128.08224016
BPix_BmI_SEC8_LAY14_LAY4_HV,2024-09-15 02:31:19,2377.80683919
BPix_BmI_SEC8_LAY14_LAY4_HV,2024-10-04 17:30:11,2446.40044053
BPix_BmI_SEC8_LAY14_LAY4_HV,2025-05-29 09:28:49,2308.02477876
BPix_BmI_SEC8_LAY14_LAY4_HV,2025-06-08 04:00:21,2435.56111111
FPix_BmI_D2_ROG4_RNG2_HV,2024-05-13 01:10:56,879.371134021
FPix_BmI_D2_ROG4_RNG2_HV,2024-05-20 22:08:42,918.615384615
FPix_BmI_D2_ROG4_RNG2_HV,2024-07-02 01:50:05,1037.70731707
FPix_BmI_D2_ROG4_RNG2_HV,2024-07-16 06:49:05,1112.20833333
FPix_BmI_D2_ROG4_RNG2_HV,2024-07-31 00:06:51,1223.65
FPix_BmI_D2_ROG4_RNG2_HV,2024-08-12 22:39:44,1282.3964497
FPix_BmI_D2_ROG4_RNG2_HV,2024-08-24 18:28:49,1276.04774306
FPix_BmI_D2_ROG4_RNG2_HV,2024-09-15 02:36:39,1465.61654135
FPix_BmI_D2_ROG4_RNG2_HV,2024-10-04 17:30:33,1422.68112245
FPix_BmI_D2_ROG4_RNG2_HV,2025-05-29 09:15:07,1400.14876033
FPix_BmI_D2_ROG4_RNG2_HV,2025-06-08 03:59:19,1536.48235294
FPix_BmI_D2_ROG3_RNG2_HV,2024-05-13 01:09:27,895.583333333
FPix_BmI_D2_ROG3_RNG2_HV,2024-05-20 22:20:48,936.409090909
FPix_BmI_D2_ROG3_RNG2_HV,2024-07-02 01:18:37,1057.77894737
FPix_BmI_D2_ROG3_RNG2_HV,2024-07-16 07:01:16,1139.32579186
FPix_BmI_D2_ROG3_RNG2_HV,2024-07-31 00:01:02,1252.21666667
FPix_BmI_D2_ROG3_RNG2_HV,2024-08-12 22:48:28,1311.95215311
FPix_BmI_D2_ROG3_RNG2_HV,2024-08-24 18:12:54,1309.16746795
FPix_BmI_D2_ROG3_RNG2_HV,2024-09-15 02:18:20,1498.50802139
FPix_BmI_D2_ROG3_RNG2_HV,2024-10-04 17:23:19,1532.83794466
FPix_BmI_D2_ROG3_RNG2_HV,2025-05-29 09:18:31,1420.99004975
FPix_BmI_D2_ROG3_RNG2_HV,2025-06-08 04:03:16,1560.86547085
FPix_BmO_D2_ROG2_RNG2_HV,2024-05-13 00:54:35,1040.39655172
FPix_BmO_D2_ROG2_RNG2_HV,2024-05-20 22:31:43,1087.18367347
FPix_BmO_D2_ROG2_RNG2_HV,2024-07-02 01:27:13,1234.44230769
FPix_BmO_D2_ROG2_RNG2_HV,2024-07-16 06:58:58,1328.12177122
FPix_BmO_D2_ROG2_RNG2_HV,2024-07-31 00:13:37,1471.51118211
FPix_BmO_D2_ROG2_RNG2_HV,2024-08-12 22:57:29,1566.07122507
FPix_BmO_D2_ROG2_RNG2_HV,2024-08-24 18:46:20,1568.14616056
FPix_BmO_D2_ROG2_RNG2_HV,2024-09-15 02:41:35,1769.16319444
FPix_BmO_D2_ROG2_RNG2_HV,2024-10-04 17:30:53,1804.15517241
FPix_BmO_D2_ROG2_RNG2_HV,2025-05-29 09:20:17,1665.28448276
FPix_BmO_D2_ROG2_RNG2_HV,2025-06-08 03:51:40,1831.68932039
BPix_BmO_SEC3_LAY14_LAY4_HV,2024-05-13 00:31:44,1335.30668842
BPix_BmO_SEC3_LAY14_LAY4_HV,2024-05-20 22:29:56,1348.24019608
BPix_BmO_SEC3_LAY14_LAY4_HV,2024-07-02 01:28:49,1525.67687349
BPix_BmO_SEC3_LAY14_LAY4_HV,2024-07-16 07:03:48,1660.57894737
BPix_BmO_SEC3_LAY14_LAY4_HV,2024-07-31 00:14:54,1844.44888179
BPix_BmO_SEC3_LAY14_LAY4_HV,2024-08-12 22:59:30,1963.7898748
BPix_BmO_SEC3_LAY14_LAY4_HV,2024-08-24 19:23:04,2014.54251453
BPix_BmO_SEC3_LAY14_LAY4_HV,2024-09-15 02:31:29,2246.74734694
BPix_BmO_SEC3_LAY14_LAY4_HV,2024-10-04 17:28:36,2311.80725191
BPix_BmO_SEC3_LAY14_LAY4_HV,2025-05-29 09:30:53,2167.7561753
BPix_BmO_SEC3_LAY14_LAY4_HV,2025-06-08 03:58:24,2282.40481064
BPix_BmO_SEC7_LAY23_LAY3_HV,2024-05-13 00:29:46,3164.06672158
BPix_BmO_SEC7_LAY23_LAY3_HV,2024-05-20 22:29:46,3156.71677019
BPix_BmO_SEC7_LAY23_LAY3_HV,2024-07-02 01:30:40,3673.49684543
BPix_BmO_SEC7_LAY23_LAY3_HV,2024-07-16 07:00:19,3942.79126214
BPix_BmO_SEC7_LAY23_LAY3_HV,2024-07-31 00:15:19,4378.85775371
BPix_BmO_SEC7_LAY23_LAY3_HV,2024-08-12 23:00:24,4652.84675716
BPix_BmO_SEC7_LAY23_LAY3_HV,2024-08-24 19:24:21,4757.15421097
BPix_BmO_SEC7_LAY23_LAY3_HV,2024-09-15 02:30:26,5308.43349022
BPix_BmO_SEC7_LAY23_LAY3_HV,2024-10-04 17:29:55,5567.82246377
BPix_BmO_SEC7_LAY23_LAY3_HV,2025-05-29 09:28:43,5438.42095588
BPix_BmO_SEC7_LAY23_LAY3_HV,2025-06-08 03:59:36,6011.5518658
FPix_BmI_D1_ROG3_RNG1_HV,2024-05-13 00:56:07,1340.89552239
FPix_BmI_D1_ROG3_RNG1_HV,2024-05-20 22:31:30,1338.87096774
FPix_BmI_D1_ROG3_RNG1_HV,2024-07-02 01:34:31,1597.92156863
FPix_BmI_D1_ROG3_RNG1_HV,2024-07-16 07:13:15,1693.07894737
FPix_BmI_D1_ROG3_RNG1_HV,2024-07-31 00:09:47,1854.23300971
FPix_BmI_D1_ROG3_RNG1_HV,2024-08-12 22:50:19,1997.04313725
FPix_BmI_D1_ROG3_RNG1_HV,2024-08-24 18:33:54,1936.90543478
FPix_BmI_D1_ROG3_RNG1_HV,2024-09-15 02:24:06,2214.32740214
FPix_BmI_D1_ROG3_RNG1_HV,2024-10-04 17:29:28,2308.95238095
FPix_BmI_D1_ROG3_RNG1_HV,2025-05-29 09:16:37,2220.73516949
FPix_BmI_D1_ROG3_RNG1_HV,2025-06-08 03:54:07,2405.04930966
BPix_BpO_SEC3_LAY23_LAY2_HV,2024-05-13 00:30:46,1554.40914867
BPix_BpO_SEC3_LAY23_LAY2_HV,2024-05-20 22:29:10,1567.91746641
BPix_BpO_SEC3_LAY23_LAY2_HV,2024-07-02 01:29:47,1780.54818124
BPix_BpO_SEC3_LAY23_LAY2_HV,2024-07-16 06:58:52,1929.02467917
BPix_BpO_SEC3_LAY23_LAY2_HV,2024-07-31 00:15:02,2134.69214069
BPix_BpO_SEC3_LAY23_LAY2_HV,2024-08-12 23:01:02,2268.03454384
BPix_BpO_SEC3_LAY23_LAY2_HV,2024-08-24 19:27:31,2327.49802731
BPix_BpO_SEC3_LAY23_LAY2_HV,2024-09-15 02:28:58,2579.82024793
BPix_BpO_SEC3_LAY23_LAY2_HV,2024-10-04 17:29:13,2668.89434972
BPix_BpO_SEC3_LAY23_LAY2_HV,2025-05-29 09:30:38,2639.51019108
BPix_BpO_SEC3_LAY23_LAY2_HV,2025-06-08 03:58:47,2775.68951965
BPix_BpI_SEC4_LAY14_LAY4_HV,2024-05-13 00:35:10,1535.42756184
BPix_BpI_SEC4_LAY14_LAY4_HV,2024-05-20 22:28:56,1551.84657534
BPix_BpI_SEC4_LAY14_LAY4_HV,2024-07-02 01:30:05,1759.78311111
BPix_BpI_SEC4_LAY14_LAY4_HV,2024-07-16 06:59:19,1909.45723684
BPix_BpI_SEC4_LAY14_LAY4_HV,2024-07-31 00:17:32,2119.31342435
BPix_BpI_SEC4_LAY14_LAY4_HV,2024-08-12 23:01:35,2258.32986713
BPix_BpI_SEC4_LAY14_LAY4_HV,2024-08-24 19:29:16,2309.48977821
BPix_BpI_SEC4_LAY14_LAY4_HV,2024-09-15 02:30:44,2581.05400772
BPix_BpI_SEC4_LAY14_LAY4_HV,2024-10-04 17:28:11,2650.44512947
BPix_BpI_SEC4_LAY14_LAY4_HV,2025-05-29 09:29:05,2508.77777778
BPix_BpI_SEC4_LAY14_LAY4_HV,2025-06-08 04:01:19,2645.35089568
FPix_BpO_D3_ROG2_RNG1_HV,2024-05-13 01:04:12,915.227272727
FPix_BpO_D3_ROG2_RNG1_HV,2024-05-20 22:10:05,926.5
FPix_BpO_D3_ROG2_RNG1_HV,2024-07-02 01:38:16,1108.6
FPix_BpO_D3_ROG2_RNG1_HV,2024-07-16 06:55:41,1181.35714286
FPix_BpO_D3_ROG2_RNG1_HV,2024-07-31 00:12:48,1308.96721311
FPix_BpO_D3_ROG2_RNG1_HV,2024-08-12 22:59:52,1389.36206897
FPix_BpO_D3_ROG2_RNG1_HV,2024-08-24 17:56:58,1324.15384615
FPix_BpO_D3_ROG2_RNG1_HV,2024-09-15 02:21:56,1585.76510067
FPix_BpO_D3_ROG2_RNG1_HV,2024-10-04 17:14:29,1638.57948718
FPix_BpO_D3_ROG2_RNG1_HV,2025-05-29 09:06:22,1520.34782609
FPix_BpO_D3_ROG2_RNG1_HV,2025-06-08 03:57:39,1664.40963855
FPix_BmO_D3_ROG1_RNG2_HV,2024-05-13 01:11:01,798.039215686
FPix_BmO_D3_ROG1_RNG2_HV,2024-05-20 22:12:24,852.642857143
FPix_BmO_D3_ROG1_RNG2_HV,2024-07-02 01:28:12,982.888888889
FPix_BmO_D3_ROG1_RNG2_HV,2024-07-16 07:04:34,1057.11229947
FPix_BmO_D3_ROG1_RNG2_HV,2024-07-31 00:10:27,1165.22660099
FPix_BmO_D3_ROG1_RNG2_HV,2024-08-12 23:01:22,1224.92996109
FPix_BmO_D3_ROG1_RNG2_HV,2024-08-24 18:22:46,1228.80841709
FPix_BmO_D3_ROG1_RNG2_HV,2024-09-15 02:27:31,1404.27896996
FPix_BmO_D3_ROG1_RNG2_HV,2024-10-04 17:27:10,1440.67730496
FPix_BmO_D3_ROG1_RNG2_HV,2025-05-29 09:30:10,1334.06376812
FPix_BmO_D3_ROG1_RNG2_HV,2025-06-08 03:54:04,1452.33408834
FPix_BpO_D1_ROG2_RNG2_HV,2024-05-13 00:46:56,1079.67819149
FPix_BpO_D1_ROG2_RNG2_HV,2024-05-20 22:36:36,1110.59259259
FPix_BpO_D1_ROG2_RNG2_HV,2024-07-02 01:23:20,1254.25352113
FPix_BpO_D1_ROG2_RNG2_HV,2024-07-16 06:53:57,1347.27506427
FPix_BpO_D1_ROG2_RNG2_HV,2024-07-31 00:18:10,1488.82402235
FPix_BpO_D1_ROG2_RNG2_HV,2024-08-12 23:03:01,1579.45625
FPix_BpO_D1_ROG2_RNG2_HV,2024-08-24 18:49:28,1594.02037846
FPix_BpO_D1_ROG2_RNG2_HV,2024-09-15 02:16:57,1789.80678851
FPix_BpO_D1_ROG2_RNG2_HV,2024-10-04 17:24:44,1835.89052632
FPix_BpO_D1_ROG2_RNG2_HV,2025-05-29 09:16:58,1594.36956522
FPix_BpO_D1_ROG2_RNG2_HV,2025-06-08 03:45:02,1755.30921053
BPix_BmO_SEC8_LAY23_LAY2_HV,2024-05-13 00:31:31,1295.10320285
BPix_BmO_SEC8_LAY23_LAY2_HV,2024-05-20 22:30:54,1310.43380282
BPix_BmO_SEC8_LAY23_LAY2_HV,2024-07-02 01:30:53,1491.25939505
BPix_BmO_SEC8_LAY23_LAY2_HV,2024-07-16 07:02:40,1611.6835443
BPix_BmO_SEC8_LAY23_LAY2_HV,2024-07-31 00:13:44,1777.37873357
BPix_BmO_SEC8_LAY23_LAY2_HV,2024-08-12 23:02:25,1886.92627014
BPix_BmO_SEC8_LAY23_LAY2_HV,2024-08-24 19:25:53,1931.71203816
BPix_BmO_SEC8_LAY23_LAY2_HV,2024-09-15 02:30:32,2145.3812817
BPix_BmO_SEC8_LAY23_LAY2_HV,2024-10-04 17:30:53,2219.74580645
BPix_BmO_SEC8_LAY23_LAY2_HV,2025-05-29 09:31:04,2207.3215169
BPix_BmO_SEC8_LAY23_LAY2_HV,2025-06-08 04:01:35,2322.53266596
BPix_BmI_SEC1_LAY14_LAY1_HV,2024-05-13 00:31:18,1313.18316195
BPix_BmI_SEC1_LAY14_LAY1_HV,2024-05-20 22:30:19,1331.86538462
BPix_BmI_SEC1_LAY14_LAY1_HV,2024-07-02 01:29:39,1716.66800229
BPix_BmI_SEC1_LAY14_LAY1_HV,2024-07-16 07:00:44,1904.1882716
BPix_BmI_SEC1_LAY14_LAY1_HV,2024-07-31 00:16:03,2185.6062963
BPix_BmI_SEC1_LAY14_LAY1_HV,2024-08-12 23:00:59,2568.78270429
BPix_BmI_SEC1_LAY14_LAY1_HV,2024-08-24 19:27:31,2586.02998114
BPix_BmI_SEC1_LAY14_LAY1_HV,2024-09-15 02:29:21,3149.81390821
BPix_BmI_SEC1_LAY14_LAY1_HV,2024-10-04 17:30:28,3304.87571859
BPix_BmI_SEC1_LAY14_LAY1_HV,2025-05-29 09:31:14,3152.84883721
BPix_BmI_SEC1_LAY14_LAY1_HV,2025-06-08 04:00:34,3581.3161486
FPix_BmI_D3_ROG3_RNG2_HV,2024-05-13 01:10:41,898.333333333
FPix_BmI_D3_ROG3_RNG2_HV,2024-05-20 22:16:48,947.5
FPix_BmI_D3_ROG3_RNG2_HV,2024-07-02 01:21:35,1061.15822785
FPix_BmI_D3_ROG3_RNG2_HV,2024-07-16 06:58:13,1143.85858586
FPix_BmI_D3_ROG3_RNG2_HV,2024-07-31 00:12:41,1257.37055838
FPix_BmI_D3_ROG3_RNG2_HV,2024-08-12 22:44:24,1328.56428571
FPix_BmI_D3_ROG3_RNG2_HV,2024-08-24 18:04:34,1310.18739054
FPix_BmI_D3_ROG3_RNG2_HV,2024-09-15 02:31:18,1508.11666667
FPix_BmI_D3_ROG3_RNG2_HV,2024-10-04 17:18:57,1545.79310345
FPix_BmI_D3_ROG3_RNG2_HV,2025-05-29 09:23:58,1442.65413534
FPix_BmI_D3_ROG3_RNG2_HV,2025-06-08 03:56:47,1582.81188119
BPix_BmI_SEC4_LAY23_LAY2_HV,2024-05-13 00:31:59,1699.86132316
BPix_BmI_SEC4_LAY23_LAY2_HV,2024-05-20 22:29:48,1714.91923077
BPix_BmI_SEC4_LAY23_LAY2_HV,2024-07-02 01:30:38,1942.94796238
BPix_BmI_SEC4_LAY23_LAY2_HV,2024-07-16 07:00:22,2097.91118744
BPix_BmI_SEC4_LAY23_LAY2_HV,2024-07-31 00:16:02,2317.16030844
BPix_BmI_SEC4_LAY23_LAY2_HV,2024-08-12 23:01:08,2457.74432296
BPix_BmI_SEC4_LAY23_LAY2_HV,2024-08-24 19:24:45,2518.93495582
BPix_BmI_SEC4_LAY23_LAY2_HV,2024-09-15 02:30:23,2785.18143184
BPix_BmI_SEC4_LAY23_LAY2_HV,2024-10-04 17:29:24,2879.19102197
BPix_BmI_SEC4_LAY23_LAY2_HV,2025-05-29 09:28:51,2878.7383468
BPix_BmI_SEC4_LAY23_LAY2_HV,2025-06-08 04:00:08,3022.39018088
BPix_BmO_SEC6_LAY14_LAY1_HV,2024-05-13 00:29:25,1703.75442739
BPix_BmO_SEC6_LAY14_LAY1_HV,2024-05-20 22:30:19,1735.70731707
BPix_BmO_SEC6_LAY14_LAY1_HV,2024-07-02 01:29:19,2220.68268734
BPix_BmO_SEC6_LAY14_LAY1_HV,2024-07-16 07:00:36,2455.94095941
BPix_BmO_SEC6_LAY14_LAY1_HV,2024-07-31 00:15:37,2702.6627618
BPix_BmO_SEC6_LAY14_LAY1_HV,2024-08-12 22:59:28,3186.87188612
BPix_BmO_SEC6_LAY14_LAY1_HV,2024-08-24 19:23:19,3201.66146899
BPix_BmO_SEC6_LAY14_LAY1_HV,2024-09-15 02:29:03,3849.24787263
BPix_BmO_SEC6_LAY14_LAY1_HV,2024-10-04 17:29:43,4061.51960784
BPix_BmO_SEC6_LAY14_LAY1_HV,2025-05-29 09:29:39,3862.75655616
BPix_BmO_SEC6_LAY14_LAY1_HV,2025-06-08 03:59:10,4513.58726068
FPix_BpI_D3_ROG3_RNG1_HV,2024-05-13 00:54:51,1408.37254902
FPix_BpI_D3_ROG3_RNG1_HV,2024-05-20 22:26:00,1432.25
FPix_BpI_D3_ROG3_RNG1_HV,2024-07-02 01:37:52,1721.97520661
FPix_BpI_D3_ROG3_RNG1_HV,2024-07-16 06:56:17,1824.01234568
FPix_BpI_D3_ROG3_RNG1_HV,2024-07-31 00:09:56,2021.17521368
FPix_BpI_D3_ROG3_RNG1_HV,2024-08-12 22:52:04,2148.0
FPix_BpI_D3_ROG3_RNG1_HV,2024-08-24 18:20:41,2083.58608609
FPix_BpI_D3_ROG3_RNG1_HV,2024-09-15 02:23:38,2440.98007968
FPix_BpI_D3_ROG3_RNG1_HV,2024-10-04 17:21:29,2515.26153846
FPix_BpI_D3_ROG3_RNG1_HV,2025-05-29 09:23:08,2379.00662252
FPix_BpI_D3_ROG3_RNG1_HV,2025-06-08 03:53:32,2618.08733624
FPix_BpI_D3_ROG1_RNG1_HV,2024-05-13 00:32:35,1374.78039216
FPix_BpI_D3_ROG1_RNG1_HV,2024-05-20 22:29:58,1372.58148893
FPix_BpI_D3_ROG1_RNG1_HV,2024-07-02 01:27:18,1660.23424125
FPix_BpI_D3_ROG1_RNG1_HV,2024-07-16 07:05:28,1762.32654949
FPix_BpI_D3_ROG1_RNG1_HV,2024-07-31 00:18:44,1951.49182879
FPix_BpI_D3_ROG1_RNG1_HV,2024-08-12 22:57:05,2072.98735321
FPix_BpI_D3_ROG1_RNG1_HV,2024-08-24 19:20:09,2059.66734516
FPix_BpI_D3_ROG1_RNG1_HV,2024-09-15 02:31:10,2363.33959538
FPix_BpI_D3_ROG1_RNG1_HV,2024-10-04 17:33:14,2426.55942029
FPix_BpI_D3_ROG1_RNG1_HV,2025-05-29 09:33:31,2308.03550784
FPix_BpI_D3_ROG1_RNG1_HV,2025-06-08 04:01:31,2506.35316847
FPix_BmO_D1_ROG2_RNG1_HV,2024-05-13 01:04:11,842.95
FPix_BmO_D1_ROG2_RNG1_HV,2024-05-20 22:08:55,856.05
FPix_BmO_D1_ROG2_RNG1_HV,2024-07-02 01:28:18,1033.70246085
FPix_BmO_D1_ROG2_RNG1_HV,2024-07-16 07:00:43,1102.11708253
FPix_BmO_D1_ROG2_RNG1_HV,2024-07-31 00:16:04,1215.07507508
FPix_BmO_D1_ROG2_RNG1_HV,2024-08-12 22:55:37,1290.56756757
FPix_BmO_D1_ROG2_RNG1_HV,2024-08-24 18:51:39,1269.91415929
FPix_BmO_D1_ROG2_RNG1_HV,2024-09-15 02:19:49,1380.26602564
FPix_BmO_D1_ROG2_RNG1_HV,2024-10-04 17:32:54,1423.38952164
FPix_BmO_D1_ROG2_RNG1_HV,2025-05-29 09:23:55,1420.97427653
FPix_BmO_D1_ROG2_RNG1_HV,2025-06-08 03:55:43,1569.23746702
BPix_BpI_SEC7_LAY14_LAY1_HV,2024-05-13 00:30:28,1441.75986079
BPix_BpI_SEC7_LAY14_LAY1_HV,2024-05-20 22:29:28,1470.09734513
BPix_BpI_SEC7_LAY14_LAY1_HV,2024-07-02 01:31:35,1851.87273668
BPix_BpI_SEC7_LAY14_LAY1_HV,2024-07-16 07:00:08,2055.40333063
BPix_BpI_SEC7_LAY14_LAY1_HV,2024-07-31 00:15:18,2272.81753386
BPix_BpI_SEC7_LAY14_LAY1_HV,2024-08-12 23:00:48,2665.66596639
BPix_BpI_SEC7_LAY14_LAY1_HV,2024-08-24 19:25:04,2707.86551273
BPix_BpI_SEC7_LAY14_LAY1_HV,2024-09-15 02:30:20,3222.19298246
BPix_BpI_SEC7_LAY14_LAY1_HV,2024-10-04 17:29:34,3379.57937337
BPix_BpI_SEC7_LAY14_LAY1_HV,2025-05-29 09:29:53,3175.65289673
BPix_BpI_SEC7_LAY14_LAY1_HV,2025-06-08 03:59:15,3622.29014599
BPix_BmI_SEC8_LAY14_LAY1_HV,2024-05-13 00:30:54,1393.2642369
BPix_BmI_SEC8_LAY14_LAY1_HV,2024-05-20 22:29:55,1425.96333333
BPix_BmI_SEC8_LAY14_LAY1_HV,2024-07-02 01:31:58,1776.01790281
BPix_BmI_SEC8_LAY14_LAY1_HV,2024-07-16 07:01:09,1953.39869281
BPix_BmI_SEC8_LAY14_LAY1_HV,2024-07-31 00:15:03,2111.78356858
BPix_BmI_SEC8_LAY14_LAY1_HV,2024-08-12 23:01:24,2482.21172753
BPix_BmI_SEC8_LAY14_LAY1_HV,2024-08-24 19:26:06,2538.01803691
BPix_BmI_SEC8_LAY14_LAY1_HV,2024-09-15 02:30:14,2975.60833333
BPix_BmI_SEC8_LAY14_LAY1_HV,2024-10-04 17:30:10,3130.80662983
BPix_BmI_SEC8_LAY14_LAY1_HV,2025-05-29 09:31:12,2915.72476587
BPix_BmI_SEC8_LAY14_LAY1_HV,2025-06-08 03:59:11,3300.08923304
BPix_BmO_SEC4_LAY14_LAY1_HV,2024-05-13 00:30:25,1682.69597458
BPix_BmO_SEC4_LAY14_LAY1_HV,2024-05-20 22:30:23,1719.81892333
BPix_BmO_SEC4_LAY14_LAY1_HV,2024-07-02 01:28:52,2166.46278955
BPix_BmO_SEC4_LAY14_LAY1_HV,2024-07-16 07:02:02,2384.37689027
BPix_BmO_SEC4_LAY14_LAY1_HV,2024-07-31 00:14:23,2570.20694444
BPix_BmO_SEC4_LAY14_LAY1_HV,2024-08-12 23:00:13,3027.06243603
BPix_BmO_SEC4_LAY14_LAY1_HV,2024-08-24 19:25:10,3062.71522018
BPix_BmO_SEC4_LAY14_LAY1_HV,2024-09-15 02:29:39,3628.55042689
BPix_BmO_SEC4_LAY14_LAY1_HV,2024-10-04 17:30:02,3803.64872595
BPix_BmO_SEC4_LAY14_LAY1_HV,2025-05-29 09:29:06,3583.42047714
BPix_BmO_SEC4_LAY14_LAY1_HV,2025-06-08 03:59:41,4149.77917867
FPix_BpO_D3_ROG2_RNG2_HV,2024-05-13 01:09:48,1067.54054054
FPix_BpO_D3_ROG2_RNG2_HV,2024-05-20 22:31:46,1122.46153846
FPix_BpO_D3_ROG2_RNG2_HV,2024-07-02 01:42:51,1274.18181818
FPix_BpO_D3_ROG2_RNG2_HV,2024-07-16 06:54:39,1370.01818182
FPix_BpO_D3_ROG2_RNG2_HV,2024-07-30 23:51:08,1516.04705882
FPix_BpO_D3_ROG2_RNG2_HV,2024-08-12 22:47:03,1611.58035714
FPix_BpO_D3_ROG2_RNG2_HV,2024-08-24 18:06:56,1579.1969697
FPix_BpO_D3_ROG2_RNG2_HV,2024-09-15 02:40:27,1834.75833333
FPix_BpO_D3_ROG2_RNG2_HV,2024-10-04 17:20:08,1866.78106509
FPix_BpO_D3_ROG2_RNG2_HV,2025-05-29 09:15:43,1728.27737226
FPix_BpO_D3_ROG2_RNG2_HV,2025-06-08 03:58:54,1889.31515152
BPix_BpO_SEC2_LAY23_LAY3_HV,2024-05-13 00:29:59,3524.60749186
BPix_BpO_SEC2_LAY23_LAY3_HV,2024-05-20 22:29:02,3506.63297232
BPix_BpO_SEC2_LAY23_LAY3_HV,2024-07-02 01:29:41,4100.42166344
BPix_BpO_SEC2_LAY23_LAY3_HV,2024-07-16 07:01:06,4402.7676928
BPix_BpO_SEC2_LAY23_LAY3_HV,2024-07-31 00:15:46,4904.3490566
BPix_BpO_SEC2_LAY23_LAY3_HV,2024-08-12 23:00:25,5211.19791356
BPix_BpO_SEC2_LAY23_LAY3_HV,2024-08-24 19:24:44,5326.30718855
BPix_BpO_SEC2_LAY23_LAY3_HV,2024-09-15 02:29:50,5939.03454941
BPix_BpO_SEC2_LAY23_LAY3_HV,2024-10-04 17:28:59,6282.30891042
BPix_BpO_SEC2_LAY23_LAY3_HV,2025-05-29 09:30:11,6234.95452577
BPix_BpO_SEC2_LAY23_LAY3_HV,2025-06-08 04:00:13,6848.0367127
FPix_BpO_D3_ROG4_RNG2_HV,2024-05-13 01:08:27,828.247474747
FPix_BpO_D3_ROG4_RNG2_HV,2024-05-20 22:09:13,869.208333333
FPix_BpO_D3_ROG4_RNG2_HV,2024-07-02 01:19:12,985.333333333
FPix_BpO_D3_ROG4_RNG2_HV,2024-07-16 06:54:47,1057.15625
FPix_BpO_D3_ROG4_RNG2_HV,2024-07-31 00:14:44,1171.70854271
FPix_BpO_D3_ROG4_RNG2_HV,2024-08-12 22:42:00,1244.77368421
FPix_BpO_D3_ROG4_RNG2_HV,2024-08-24 18:26:09,1235.03598775
FPix_BpO_D3_ROG4_RNG2_HV,2024-09-15 02:36:53,1423.54347826
FPix_BpO_D3_ROG4_RNG2_HV,2024-10-04 17:33:34,1457.48995984
FPix_BpO_D3_ROG4_RNG2_HV,2025-05-29 09:38:07,1344.03550296
FPix_BpO_D3_ROG4_RNG2_HV,2025-06-08 03:46:15,1458.82478632
FPix_BmO_D2_ROG2_RNG1_HV,2024-05-13 01:08:15,805.128571429
FPix_BmO_D2_ROG2_RNG1_HV,2024-05-20 22:21:54,837.423076923
FPix_BmO_D2_ROG2_RNG1_HV,2024-07-02 02:00:09,1007.875
FPix_BmO_D2_ROG2_RNG1_HV,2024-07-16 06:41:52,1066.3129771
FPix_BmO_D2_ROG2_RNG1_HV,2024-07-31 00:00:56,1180.74271845
FPix_BmO_D2_ROG2_RNG1_HV,2024-08-12 23:04:26,1252.05555556
FPix_BmO_D2_ROG2_RNG1_HV,2024-08-24 18:22:50,1210.34306096
FPix_BmO_D2_ROG2_RNG1_HV,2024-09-15 02:34:51,1420.46956522
FPix_BmO_D2_ROG2_RNG1_HV,2024-10-04 17:23:39,1461.55477032
FPix_BmO_D2_ROG2_RNG1_HV,2025-05-29 09:12:25,1370.78306878
FPix_BmO_D2_ROG2_RNG1_HV,2025-06-08 03:59:17,1512.11525424
BPix_BpO_SEC1_LAY14_LAY1_HV,2024-05-13 00:30:34,1284.42588092
BPix_BpO_SEC1_LAY14_LAY1_HV,2024-05-20 22:30:08,1308.69894366
BPix_BpO_SEC1_LAY14_LAY1_HV,2024-07-02 01:30:45,1634.0816777
BPix_BpO_SEC1_LAY14_LAY1_HV,2024-07-16 07:00:27,1812.23823781
BPix_BpO_SEC1_LAY14_LAY1_HV,2024-07-31 00:18:15,2016.76599702
BPix_BpO_SEC1_LAY14_LAY1_HV,2024-08-12 23:01:12,2356.09945155
BPix_BpO_SEC1_LAY14_LAY1_HV,2024-08-24 19:26:28,2403.63007071
BPix_BpO_SEC1_LAY14_LAY1_HV,2024-09-15 02:29:38,2837.64303586
BPix_BpO_SEC1_LAY14_LAY1_HV,2024-10-04 17:30:24,2941.875948
BPix_BpO_SEC1_LAY14_LAY1_HV,2025-05-29 09:29:46,2758.88341282
BPix_BpO_SEC1_LAY14_LAY1_HV,2025-06-08 04:00:09,3130.18282022
FPix_BmI_D2_ROG2_RNG1_HV,2024-05-13 00:58:39,1000.295
FPix_BmI_D2_ROG2_RNG1_HV,2024-05-20 22:09:20,1002.98611111
FPix_BmI_D2_ROG2_RNG1_HV,2024-07-02 01:33:55,1220.10810811
FPix_BmI_D2_ROG2_RNG1_HV,2024-07-16 07:06:39,1287.82394366
FPix_BmI_D2_ROG2_RNG1_HV,2024-07-30 23:56:21,1410.33898305
FPix_BmI_D2_ROG2_RNG1_HV,2024-08-12 22:43:52,1501.35326087
FPix_BmI_D2_ROG2_RNG1_HV,2024-08-24 18:02:49,1440.03396226
FPix_BmI_D2_ROG2_RNG1_HV,2024-09-15 02:46:38,1695.41584158
FPix_BmI_D2_ROG2_RNG1_HV,2024-10-04 17:17:00,1754.96308725
FPix_BmI_D2_ROG2_RNG1_HV,2025-05-29 09:19:05,1661.8
FPix_BmI_D2_ROG2_RNG1_HV,2025-06-08 03:53:14,1837.86649215
BPix_BpI_SEC2_LAY14_LAY1_HV,2024-05-13 00:33:12,1334.99816626
BPix_BpI_SEC2_LAY14_LAY1_HV,2024-05-20 22:28:52,1361.46309963
BPix_BpI_SEC2_LAY14_LAY1_HV,2024-07-02 01:30:09,1720.1755079
BPix_BpI_SEC2_LAY14_LAY1_HV,2024-07-16 07:02:20,1914.07477876
BPix_BpI_SEC2_LAY14_LAY1_HV,2024-07-31 00:16:48,2129.79984808
BPix_BpI_SEC2_LAY14_LAY1_HV,2024-08-12 23:00:01,2515.56105733
BPix_BpI_SEC2_LAY14_LAY1_HV,2024-08-24 19:26:07,2545.52951564
BPix_BpI_SEC2_LAY14_LAY1_HV,2024-09-15 02:28:57,3029.13887275
BPix_BpI_SEC2_LAY14_LAY1_HV,2024-10-04 17:29:20,3195.61248266
BPix_BpI_SEC2_LAY14_LAY1_HV,2025-05-29 09:28:38,2976.75936675
BPix_BpI_SEC2_LAY14_LAY1_HV,2025-06-08 03:59:10,3406.82030651
BPix_BpO_SEC3_LAY23_LAY3_HV,2024-05-13 00:30:06,1673.11005917
BPix_BpO_SEC3_LAY23_LAY3_HV,2024-05-20 22:30:29,1675.51079137
BPix_BpO_SEC3_LAY23_LAY3_HV,2024-07-02 01:30:16,1946.312
BPix_BpO_SEC3_LAY23_LAY3_HV,2024-07-16 07:01:31,2096.23452327
BPix_BpO_SEC3_LAY23_LAY3_HV,2024-07-31 00:16:26,2332.61593625
BPix_BpO_SEC3_LAY23_LAY3_HV,2024-08-12 23:00:02,2476.09453953
BPix_BpO_SEC3_LAY23_LAY3_HV,2024-08-24 19:25:16,2529.73125932
BPix_BpO_SEC3_LAY23_LAY3_HV,2024-09-15 02:28:51,2826.30198801
BPix_BpO_SEC3_LAY23_LAY3_HV,2024-10-04 17:28:45,2984.84425986
BPix_BpO_SEC3_LAY23_LAY3_HV,2025-05-29 09:29:14,2913.36088475
BPix_BpO_SEC3_LAY23_LAY3_HV,2025-06-08 03:58:59,3203.79161628
BPix_BpO_SEC8_LAY23_LAY3_HV,2024-05-13 00:29:20,2721.50380389
BPix_BpO_SEC8_LAY23_LAY3_HV,2024-05-20 22:29:57,2712.08452536
BPix_BpO_SEC8_LAY23_LAY3_HV,2024-07-02 01:29:19,3147.55497171
BPix_BpO_SEC8_LAY23_LAY3_HV,2024-07-16 07:00:24,3392.53566754
BPix_BpO_SEC8_LAY23_LAY3_HV,2024-07-31 00:16:49,3781.1239143
BPix_BpO_SEC8_LAY23_LAY3_HV,2024-08-12 23:00:38,4025.29080848
BPix_BpO_SEC8_LAY23_LAY3_HV,2024-08-24 19:25:55,4112.91016362
BPix_BpO_SEC8_LAY23_LAY3_HV,2024-09-15 02:29:41,4582.42352649
BPix_BpO_SEC8_LAY23_LAY3_HV,2024-10-04 17:29:39,4808.6723301
BPix_BpO_SEC8_LAY23_LAY3_HV,2025-05-29 09:30:43,4653.12229885
BPix_BpO_SEC8_LAY23_LAY3_HV,2025-06-08 03:59:07,5100.00663408
BPix_BmI_SEC6_LAY14_LAY4_HV,2024-05-13 00:31:25,1309.80996885
BPix_BmI_SEC6_LAY14_LAY4_HV,2024-05-20 22:30:16,1323.49168646
BPix_BmI_SEC6_LAY14_LAY4_HV,2024-07-02 01:29:29,1491.97184232
BPix_BmI_SEC6_LAY14_LAY4_HV,2024-07-16 07:02:38,1624.19951632
BPix_BmI_SEC6_LAY14_LAY4_HV,2024-07-31 00:16:14,1804.79123173
BPix_BmI_SEC6_LAY14_LAY4_HV,2024-08-12 23:01:13,1923.36954207
BPix_BmI_SEC6_LAY14_LAY4_HV,2024-08-24 19:23:47,1970.06263499
BPix_BmI_SEC6_LAY14_LAY4_HV,2024-09-15 02:28:09,2200.42058347
BPix_BmI_SEC6_LAY14_LAY4_HV,2024-10-04 17:29:43,2263.33539652
BPix_BmI_SEC6_LAY14_LAY4_HV,2025-05-29 09:33:40,2128.38263666
BPix_BmI_SEC6_LAY14_LAY4_HV,2025-06-08 03:58:58,2235.80828221
BPix_BmI_SEC1_LAY23_LAY3_HV,2024-05-13 00:29:35,2828.39130435
BPix_BmI_SEC1_LAY23_LAY3_HV,2024-05-20 22:30:41,2808.16055626
BPix_BmI_SEC1_LAY23_LAY3_HV,2024-07-02 01:30:32,3261.20362903
BPix_BmI_SEC1_LAY23_LAY3_HV,2024-07-16 07:00:50,3508.59908884
BPix_BmI_SEC1_LAY23_LAY3_HV,2024-07-31 00:16:27,3894.61368209
BPix_BmI_SEC1_LAY23_LAY3_HV,2024-08-12 23:00:19,4142.18317132
BPix_BmI_SEC1_LAY23_LAY3_HV,2024-08-24 19:25:25,4258.98080125
BPix_BmI_SEC1_LAY23_LAY3_HV,2024-09-15 02:30:44,4737.95519044
BPix_BmI_SEC1_LAY23_LAY3_HV,2024-10-04 17:29:54,4973.84173534
BPix_BmI_SEC1_LAY23_LAY3_HV,2025-05-29 09:29:26,4820.91784573
BPix_BmI_SEC1_LAY23_LAY3_HV,2025-06-08 03:59:50,5291.41406518
BPix_BpI_SEC3_LAY23_LAY2_HV,2024-05-13 00:31:25,1832.27073171
BPix_BpI_SEC3_LAY23_LAY2_HV,2024-05-20 22:29:57,1848.62361624
BPix_BpI_SEC3_LAY23_LAY2_HV,2024-07-02 01:29:31,2098.09592476
BPix_BpI_SEC3_LAY23_LAY2_HV,2024-07-16 07:00:25,2265.73517979
BPix_BpI_SEC3_LAY23_LAY2_HV,2024-07-31 00:15:54,2502.06244931
BPix_BpI_SEC3_LAY23_LAY2_HV,2024-08-12 23:01:36,2658.5098698
BPix_BpI_SEC3_LAY23_LAY2_HV,2024-08-24 19:28:21,2723.95109321
BPix_BpI_SEC3_LAY23_LAY2_HV,2024-09-15 02:30:22,3014.55174665
BPix_BpI_SEC3_LAY23_LAY2_HV,2024-10-04 17:29:32,3122.10466223
BPix_BpI_SEC3_LAY23_LAY2_HV,2025-05-29 09:30:48,3120.58901629
BPix_BpI_SEC3_LAY23_LAY2_HV,2025-06-08 03:59:49,3273.75621251
FPix_BmO_D2_ROG1_RNG2_HV,2024-05-13 01:07:47,856.3125
FPix_BmO_D2_ROG1_RNG2_HV,2024-05-20 22:23:22,907.733333333
FPix_BmO_D2_ROG1_RNG2_HV,2024-07-02 01:33:25,1029.48204159
FPix_BmO_D2_ROG1_RNG2_HV,2024-07-16 06:58:22,1108.96330275
FPix_BmO_D2_ROG1_RNG2_HV,2024-07-31 00:03:44,1229.38174274
FPix_BmO_D2_ROG1_RNG2_HV,2024-08-12 22:47:21,1307.14673913
FPix_BmO_D2_ROG1_RNG2_HV,2024-08-24 18:57:10,1301.0175644
FPix_BmO_D2_ROG1_RNG2_HV,2024-09-15 02:28:30,1484.92226148
FPix_BmO_D2_ROG1_RNG2_HV,2024-10-04 17:23:35,1516.05763689
FPix_BmO_D2_ROG1_RNG2_HV,2025-05-29 09:15:16,1396.62337662
FPix_BmO_D2_ROG1_RNG2_HV,2025-06-08 04:04:29,1535.26530612
FPix_BmO_D3_ROG3_RNG2_HV,2024-05-13 00:58:28,820.986666667
FPix_BmO_D3_ROG3_RNG2_HV,2024-05-20 22:14:58,930.909090909
FPix_BmO_D3_ROG3_RNG2_HV,2024-07-02 01:23:38,1068.63172043
FPix_BmO_D3_ROG3_RNG2_HV,2024-07-16 07:01:02,1147.47590361
FPix_BmO_D3_ROG3_RNG2_HV,2024-07-31 00:22:11,1264.57486137
FPix_BmO_D3_ROG3_RNG2_HV,2024-08-12 23:04:01,1329.54583333
FPix_BmO_D3_ROG3_RNG2_HV,2024-08-24 18:54:05,1348.69959267
FPix_BmO_D3_ROG3_RNG2_HV,2024-09-15 02:17:23,1516.88928571
FPix_BmO_D3_ROG3_RNG2_HV,2024-10-04 17:24:39,1553.55
FPix_BmO_D3_ROG3_RNG2_HV,2025-05-29 09:25:35,1460.5653965
FPix_BmO_D3_ROG3_RNG2_HV,2025-06-08 03:59:22,1588.97135636
FPix_BmO_D2_ROG3_RNG2_HV,2024-05-13 01:00:53,769.28313253
FPix_BmO_D2_ROG3_RNG2_HV,2024-05-20 22:20:29,931.833333333
FPix_BmO_D2_ROG3_RNG2_HV,2024-07-02 01:05:23,1054.67605634
FPix_BmO_D2_ROG3_RNG2_HV,2024-07-16 06:52:12,1130.72826087
FPix_BmO_D2_ROG3_RNG2_HV,2024-07-31 00:22:47,1260.06338028
FPix_BmO_D2_ROG3_RNG2_HV,2024-08-12 22:51:46,1322.45614035
FPix_BmO_D2_ROG3_RNG2_HV,2024-08-24 18:24:34,1313.829806
FPix_BmO_D2_ROG3_RNG2_HV,2024-09-15 02:39:24,1510.38011696
FPix_BmO_D2_ROG3_RNG2_HV,2024-10-04 17:21:22,1541.1375
FPix_BmO_D2_ROG3_RNG2_HV,2025-05-29 09:19:06,1432.67938931
FPix_BmO_D2_ROG3_RNG2_HV,2025-06-08 03:59:30,1576.88596491
BPix_BpO_SEC5_LAY23_LAY3_HV,2024-05-13 00:29:38,4426.71897518
BPix_BpO_SEC5_LAY23_LAY3_HV,2024-05-20 22:29:41,4415.01061321
BPix_BpO_SEC5_LAY23_LAY3_HV,2024-07-02 01:30:21,5206.97427166
BPix_BpO_SEC5_LAY23_LAY3_HV,2024-07-16 07:00:34,5586.50277094
BPix_BpO_SEC5_LAY23_LAY3_HV,2024-07-31 00:16:31,6221.16722038
BPix_BpO_SEC5_LAY23_LAY3_HV,2024-08-12 23:00:05,6617.77184325
BPix_BpO_SEC5_LAY23_LAY3_HV,2024-08-24 19:25:30,6757.88128884
BPix_BpO_SEC5_LAY23_LAY3_HV,2024-09-15 02:29:30,7563.97652132
BPix_BpO_SEC5_LAY23_LAY3_HV,2024-10-04 17:30:08,8046.92554194
BPix_BpO_SEC5_LAY23_LAY3_HV,2025-05-29 09:29:52,8074.05152426
BPix_BpO_SEC5_LAY23_LAY3_HV,2025-06-08 04:00:42,9235.75634685
FPix_BpI_D1_ROG2_RNG2_HV,2024-05-13 00:33:23,1144.5800464
FPix_BpI_D1_ROG2_RNG2_HV,2024-05-20 22:29:28,1159.21311475
FPix_BpI_D1_ROG2_RNG2_HV,2024-07-02 01:28:44,1311.9059633
FPix_BpI_D1_ROG2_RNG2_HV,2024-07-16 07:00:10,1409.53752345
FPix_BpI_D1_ROG2_RNG2_HV,2024-07-31 00:11:41,1554.53953084
FPix_BpI_D1_ROG2_RNG2_HV,2024-08-12 23:02:22,1649.7472119
FPix_BpI_D1_ROG2_RNG2_HV,2024-08-24 19:17:21,1675.6910595
FPix_BpI_D1_ROG2_RNG2_HV,2024-09-15 02:33:27,1875.15213816
FPix_BpI_D1_ROG2_RNG2_HV,2024-10-04 17:38:12,1927.88888889
FPix_BpI_D1_ROG2_RNG2_HV,2025-05-29 09:34:12,1780.18296089
FPix_BpI_D1_ROG2_RNG2_HV,2025-06-08 03:56:12,1940.66506024
BPix_BpI_SEC6_LAY23_LAY2_HV,2024-05-13 00:29:20,1580.8304862
BPix_BpI_SEC6_LAY23_LAY2_HV,2024-05-20 22:28:48,1593.50772201
BPix_BpI_SEC6_LAY23_LAY2_HV,2024-07-02 01:30:20,1805.78013245
BPix_BpI_SEC6_LAY23_LAY2_HV,2024-07-16 07:02:40,1955.34225139
BPix_BpI_SEC6_LAY23_LAY2_HV,2024-07-31 00:14:40,2161.27809862
BPix_BpI_SEC6_LAY23_LAY2_HV,2024-08-12 23:00:46,2293.43391188
BPix_BpI_SEC6_LAY23_LAY2_HV,2024-08-24 19:26:25,2354.99663711
BPix_BpI_SEC6_LAY23_LAY2_HV,2024-09-15 02:31:08,2601.48478632
BPix_BpI_SEC6_LAY23_LAY2_HV,2024-10-04 17:28:10,2698.73346627
BPix_BpI_SEC6_LAY23_LAY2_HV,2025-05-29 09:29:44,2667.01782304
BPix_BpI_SEC6_LAY23_LAY2_HV,2025-06-08 04:00:23,2799.43710972
BPix_BmI_SEC5_LAY23_LAY2_HV,2024-05-13 00:32:19,1790.51084011
BPix_BmI_SEC5_LAY23_LAY2_HV,2024-05-20 22:29:36,1803.82875264
BPix_BmI_SEC5_LAY23_LAY2_HV,2024-07-02 01:30:27,2049.08106267
BPix_BmI_SEC5_LAY23_LAY2_HV,2024-07-16 07:02:10,2213.96657963
BPix_BmI_SEC5_LAY23_LAY2_HV,2024-07-31 00:16:07,2447.15135608
BPix_BmI_SEC5_LAY23_LAY2_HV,2024-08-12 23:00:09,2600.53360036
BPix_BmI_SEC5_LAY23_LAY2_HV,2024-08-24 19:26:20,2674.76861823
BPix_BmI_SEC5_LAY23_LAY2_HV,2024-09-15 02:30:15,2957.77202073
BPix_BmI_SEC5_LAY23_LAY2_HV,2024-10-04 17:30:17,3067.93691362
BPix_BmI_SEC5_LAY23_LAY2_HV,2025-05-29 09:29:59,3031.53910795
BPix_BmI_SEC5_LAY23_LAY2_HV,2025-06-08 03:59:36,3187.14776184
FPix_BmO_D3_ROG4_RNG2_HV,2024-05-13 01:05:10,993.993006993
FPix_BmO_D3_ROG4_RNG2_HV,2024-05-20 22:26:05,1061.44444444
FPix_BmO_D3_ROG4_RNG2_HV,2024-07-02 01:24:30,1210.92857143
FPix_BmO_D3_ROG4_RNG2_HV,2024-07-16 06:49:36,1301.05357143
FPix_BmO_D3_ROG4_RNG2_HV,2024-07-31 00:03:57,1426.73333333
FPix_BmO_D3_ROG4_RNG2_HV,2024-08-12 22:52:34,1494.38
FPix_BmO_D3_ROG4_RNG2_HV,2024-08-24 18:09:24,1482.51745068
FPix_BmO_D3_ROG4_RNG2_HV,2024-09-15 02:26:10,1711.72781065
FPix_BmO_D3_ROG4_RNG2_HV,2024-10-04 17:17:56,1752.73267327
FPix_BmO_D3_ROG4_RNG2_HV,2025-05-29 09:18:55,1617.16556291
FPix_BmO_D3_ROG4_RNG2_HV,2025-06-08 03:56:17,1799.5257732
FPix_BpO_D2_ROG1_RNG2_HV,2024-05-13 01:10:25,959.318627451
FPix_BpO_D2_ROG1_RNG2_HV,2024-05-20 22:29:02,1011.72727273
FPix_BpO_D2_ROG1_RNG2_HV,2024-07-02 01:58:17,1140.0
FPix_BpO_D2_ROG1_RNG2_HV,2024-07-16 07:16:18,1226.37735849
FPix_BpO_D2_ROG1_RNG2_HV,2024-07-30 23:39:28,1351.53333333
FPix_BpO_D2_ROG1_RNG2_HV,2024-08-12 22:48:12,1434.1627907
FPix_BpO_D2_ROG1_RNG2_HV,2024-08-24 17:53:20,1405.68507157
FPix_BpO_D2_ROG1_RNG2_HV,2024-09-15 02:15:13,1635.42477876
FPix_BpO_D2_ROG1_RNG2_HV,2024-10-04 17:28:05,1678.20143885
FPix_BpO_D2_ROG1_RNG2_HV,2025-05-29 09:19:04,1560.84693878
FPix_BpO_D2_ROG1_RNG2_HV,2025-06-08 03:41:17,1693.0
BPix_BpI_SEC7_LAY14_LAY4_HV,2024-05-13 00:32:57,1191.28053435
BPix_BpI_SEC7_LAY14_LAY4_HV,2024-05-20 22:28:53,1203.99406528
BPix_BpI_SEC7_LAY14_LAY4_HV,2024-07-02 01:31:51,1359.75598086
BPix_BpI_SEC7_LAY14_LAY4_HV,2024-07-16 07:01:48,1480.53613569
BPix_BpI_SEC7_LAY14_LAY4_HV,2024-07-31 00:15:00,1648.49393204
BPix_BpI_SEC7_LAY14_LAY4_HV,2024-08-12 23:00:23,1758.44950739
BPix_BpI_SEC7_LAY14_LAY4_HV,2024-08-24 19:23:37,1802.31657356
BPix_BpI_SEC7_LAY14_LAY4_HV,2024-09-15 02:29:52,2009.4768304
BPix_BpI_SEC7_LAY14_LAY4_HV,2024-10-04 17:29:00,2066.09202454
BPix_BpI_SEC7_LAY14_LAY4_HV,2025-05-29 09:31:57,1938.95676173
BPix_BpI_SEC7_LAY14_LAY4_HV,2025-06-08 03:59:32,2043.4106946
FPix_BpI_D3_ROG2_RNG2_HV,2024-05-13 00:58:06,1032.13851351
FPix_BpI_D3_ROG2_RNG2_HV,2024-05-20 22:15:33,1064.19230769
FPix_BpI_D3_ROG2_RNG2_HV,2024-07-02 01:25:48,1210.28148148
FPix_BpI_D3_ROG2_RNG2_HV,2024-07-16 06:54:58,1301.08666667
FPix_BpI_D3_ROG2_RNG2_HV,2024-07-31 00:14:30,1445.8625
FPix_BpI_D3_ROG2_RNG2_HV,2024-08-12 22:49:50,1508.75977654
FPix_BpI_D3_ROG2_RNG2_HV,2024-08-24 18:01:17,1505.41610738
FPix_BpI_D3_ROG2_RNG2_HV,2024-09-15 02:18:42,1748.02721088
FPix_BpI_D3_ROG2_RNG2_HV,2024-10-04 17:13:43,1775.18811881
FPix_BpI_D3_ROG2_RNG2_HV,2025-05-29 09:04:38,1639.26277372
FPix_BpI_D3_ROG2_RNG2_HV,2025-06-08 03:48:15,1800.64457831
BPix_BmI_SEC2_LAY23_LAY3_HV,2024-05-13 00:29:17,3136.97918401
BPix_BmI_SEC2_LAY23_LAY3_HV,2024-05-20 22:29:38,3119.63624842
BPix_BmI_SEC2_LAY23_LAY3_HV,2024-07-02 01:31:08,3623.16100679
BPix_BmI_SEC2_LAY23_LAY3_HV,2024-07-16 07:00:10,3888.62508059
BPix_BmI_SEC2_LAY23_LAY3_HV,2024-07-31 00:15:56,4350.48390805
BPix_BmI_SEC2_LAY23_LAY3_HV,2024-08-12 23:01:50,4602.87005823
BPix_BmI_SEC2_LAY23_LAY3_HV,2024-08-24 19:24:32,4703.63630194
BPix_BmI_SEC2_LAY23_LAY3_HV,2024-09-15 02:30:18,5234.8320516
BPix_BmI_SEC2_LAY23_LAY3_HV,2024-10-04 17:30:32,5445.96145507
BPix_BmI_SEC2_LAY23_LAY3_HV,2025-05-29 09:29:21,5392.02892562
BPix_BmI_SEC2_LAY23_LAY3_HV,2025-06-08 03:59:46,5899.53526405
BPix_BmO_SEC5_LAY14_LAY1_HV,2024-05-13 00:29:38,1760.78619154
BPix_BmO_SEC5_LAY14_LAY1_HV,2024-05-20 22:30:45,1782.41989882
BPix_BmO_SEC5_LAY14_LAY1_HV,2024-07-02 01:29:28,2319.86400818
BPix_BmO_SEC5_LAY14_LAY1_HV,2024-07-16 06:59:33,2575.56412305
BPix_BmO_SEC5_LAY14_LAY1_HV,2024-07-31 00:14:53,2923.80908153
BPix_BmO_SEC5_LAY14_LAY1_HV,2024-08-12 22:58:43,3455.11529412
BPix_BmO_SEC5_LAY14_LAY1_HV,2024-08-24 19:26:12,3457.10451779
BPix_BmO_SEC5_LAY14_LAY1_HV,2024-09-15 02:29:23,4255.26168712
BPix_BmO_SEC5_LAY14_LAY1_HV,2024-10-04 17:27:48,4474.86267516
BPix_BmO_SEC5_LAY14_LAY1_HV,2025-05-29 09:29:16,4281.08803828
BPix_BmO_SEC5_LAY14_LAY1_HV,2025-06-08 03:59:09,5003.42984648
BPix_BpI_SEC2_LAY14_LAY4_HV,2024-05-13 00:30:51,1306.28683386
BPix_BpI_SEC2_LAY14_LAY4_HV,2024-05-20 22:29:50,1318.08208955
BPix_BpI_SEC2_LAY14_LAY4_HV,2024-07-02 01:30:27,1491.88744939
BPix_BpI_SEC2_LAY14_LAY4_HV,2024-07-16 06:59:48,1624.12201104
BPix_BpI_SEC2_LAY14_LAY4_HV,2024-07-31 00:17:40,1807.43983184
BPix_BpI_SEC2_LAY14_LAY4_HV,2024-08-12 23:01:39,1926.46830048
BPix_BpI_SEC2_LAY14_LAY4_HV,2024-08-24 19:26:30,1978.10008889
BPix_BpI_SEC2_LAY14_LAY4_HV,2024-09-15 02:30:59,2207.13344051
BPix_BpI_SEC2_LAY14_LAY4_HV,2024-10-04 17:28:20,2269.54254518
BPix_BpI_SEC2_LAY14_LAY4_HV,2025-05-29 09:30:25,2138.43009931
BPix_BpI_SEC2_LAY14_LAY4_HV,2025-06-08 03:58:23,2244.76673428
BPix_BpI_SEC8_LAY14_LAY4_HV,2024-05-13 00:33:38,1500.83639706
BPix_BpI_SEC8_LAY14_LAY4_HV,2024-05-20 22:30:37,1520.903125
BPix_BpI_SEC8_LAY14_LAY4_HV,2024-07-02 01:29:48,1726.09190173
BPix_BpI_SEC8_LAY14_LAY4_HV,2024-07-16 06:57:42,1873.21658327
BPix_BpI_SEC8_LAY14_LAY4_HV,2024-07-31 00:15:50,2081.70927467
BPix_BpI_SEC8_LAY14_LAY4_HV,2024-08-12 23:02:06,2218.62485207
BPix_BpI_SEC8_LAY14_LAY4_HV,2024-08-24 19:22:41,2269.71973415
BPix_BpI_SEC8_LAY14_LAY4_HV,2024-09-15 02:29:20,2534.14845173
BPix_BpI_SEC8_LAY14_LAY4_HV,2024-10-04 17:28:45,2603.24147098
BPix_BpI_SEC8_LAY14_LAY4_HV,2025-05-29 09:33:23,2472.86343612
BPix_BpI_SEC8_LAY14_LAY4_HV,2025-06-08 04:00:15,2605.29852378
BPix_BpO_SEC6_LAY23_LAY2_HV,2024-05-13 00:31:48,1926.72222222
BPix_BpO_SEC6_LAY23_LAY2_HV,2024-05-20 22:29:52,1943.81598513
BPix_BpO_SEC6_LAY23_LAY2_HV,2024-07-02 01:30:08,2209.56362545
BPix_BpO_SEC6_LAY23_LAY2_HV,2024-07-16 07:00:48,2391.31099575
BPix_BpO_SEC6_LAY23_LAY2_HV,2024-07-31 00:15:10,2641.2012987
BPix_BpO_SEC6_LAY23_LAY2_HV,2024-08-12 23:01:40,2803.59360918
BPix_BpO_SEC6_LAY23_LAY2_HV,2024-08-24 19:22:59,2873.11760971
BPix_BpO_SEC6_LAY23_LAY2_HV,2024-09-15 02:28:26,3180.88788368
BPix_BpO_SEC6_LAY23_LAY2_HV,2024-10-04 17:29:15,3296.65591735
BPix_BpO_SEC6_LAY23_LAY2_HV,2025-05-29 09:29:45,3253.68967587
BPix_BpO_SEC6_LAY23_LAY2_HV,2025-06-08 03:59:14,3423.62692308
BPix_BpI_SEC8_LAY23_LAY2_HV,2024-05-13 00:34:02,1224.73565217
BPix_BpI_SEC8_LAY23_LAY2_HV,2024-05-20 22:30:35,1238.18465909
BPix_BpI_SEC8_LAY23_LAY2_HV,2024-07-02 01:31:21,1410.62940671
BPix_BpI_SEC8_LAY23_LAY2_HV,2024-07-16 07:00:56,1524.74560787
BPix_BpI_SEC8_LAY23_LAY2_HV,2024-07-31 00:16:58,1687.09893993
BPix_BpI_SEC8_LAY23_LAY2_HV,2024-08-12 22:57:40,1793.11226852
BPix_BpI_SEC8_LAY23_LAY2_HV,2024-08-24 19:19:08,1833.34925607
BPix_BpI_SEC8_LAY23_LAY2_HV,2024-09-15 02:28:16,2036.74233674
BPix_BpI_SEC8_LAY23_LAY2_HV,2024-10-04 17:29:47,2106.65672878
BPix_BpI_SEC8_LAY23_LAY2_HV,2025-05-29 09:32:37,2098.68323505
BPix_BpI_SEC8_LAY23_LAY2_HV,2025-06-08 04:00:39,2201.90731964
BPix_BmI_SEC3_LAY23_LAY2_HV,2024-05-13 00:30:41,1682.25359477
BPix_BmI_SEC3_LAY23_LAY2_HV,2024-05-20 22:30:19,1694.62729124
BPix_BmI_SEC3_LAY23_LAY2_HV,2024-07-02 01:30:02,1925.43512974
BPix_BmI_SEC3_LAY23_LAY2_HV,2024-07-16 07:01:29,2081.30488432
BPix_BmI_SEC3_LAY23_LAY2_HV,2024-07-31 00:15:05,2298.78238116
BPix_BmI_SEC3_LAY23_LAY2_HV,2024-08-12 23:01:01,2441.13607878
BPix_BmI_SEC3_LAY23_LAY2_HV,2024-08-24 19:25:37,2503.54846822
BPix_BmI_SEC3_LAY23_LAY2_HV,2024-09-15 02:28:26,2775.81935484
BPix_BmI_SEC3_LAY23_LAY2_HV,2024-10-04 17:29:33,2871.50677857
BPix_BmI_SEC3_LAY23_LAY2_HV,2025-05-29 09:29:24,2848.58392283
BPix_BmI_SEC3_LAY23_LAY2_HV,2025-06-08 04:00:06,2997.25893636
BPix_BmO_SEC1_LAY23_LAY3_HV,2024-05-13 00:29:32,2928.89675271
BPix_BmO_SEC1_LAY23_LAY3_HV,2024-05-20 22:29:47,2926.76827757
BPix_BmO_SEC1_LAY23_LAY3_HV,2024-07-02 01:30:30,3398.69976359
BPix_BmO_SEC1_LAY23_LAY3_HV,2024-07-16 07:00:36,3637.03953713
BPix_BmO_SEC1_LAY23_LAY3_HV,2024-07-31 00:14:20,4100.17033438
BPix_BmO_SEC1_LAY23_LAY3_HV,2024-08-12 23:00:14,4285.42826812
BPix_BmO_SEC1_LAY23_LAY3_HV,2024-08-24 19:24:59,4383.81130698
BPix_BmO_SEC1_LAY23_LAY3_HV,2024-09-15 02:29:56,4876.97597226
BPix_BmO_SEC1_LAY23_LAY3_HV,2024-10-04 17:30:11,5105.97330745
BPix_BmO_SEC1_LAY23_LAY3_HV,2025-05-29 09:31:05,4969.21291449
BPix_BmO_SEC1_LAY23_LAY3_HV,2025-06-08 03:59:35,5477.92201992
BPix_BpO_SEC5_LAY23_LAY2_HV,2024-05-13 00:31:25,2194.79550321
BPix_BpO_SEC5_LAY23_LAY2_HV,2024-05-20 22:29:24,2218.62306368
BPix_BpO_SEC5_LAY23_LAY2_HV,2024-07-02 01:29:56,2524.84084737
BPix_BpO_SEC5_LAY23_LAY2_HV,2024-07-16 07:01:25,2729.76303518
BPix_BpO_SEC5_LAY23_LAY2_HV,2024-07-31 00:15:41,3015.32124542
BPix_BpO_SEC5_LAY23_LAY2_HV,2024-08-12 23:00:56,3195.18653629
BPix_BpO_SEC5_LAY23_LAY2_HV,2024-08-24 19:23:13,3264.70817019
BPix_BpO_SEC5_LAY23_LAY2_HV,2024-09-15 02:29:45,3634.3877551
BPix_BpO_SEC5_LAY23_LAY2_HV,2024-10-04 17:29:59,3758.00231348
BPix_BpO_SEC5_LAY23_LAY2_HV,2025-05-29 09:29:57,3795.91178113
BPix_BpO_SEC5_LAY23_LAY2_HV,2025-06-08 03:59:16,3987.68919466
BPix_BmI_SEC1_LAY14_LAY4_HV,2024-05-13 00:35:19,1700.31300161
BPix_BmI_SEC1_LAY14_LAY4_HV,2024-05-20 22:30:31,1721.11491443
BPix_BmI_SEC1_LAY14_LAY4_HV,2024-07-02 01:28:23,1947.97894737
BPix_BmI_SEC1_LAY14_LAY4_HV,2024-07-16 07:00:22,2111.34903906
BPix_BmI_SEC1_LAY14_LAY4_HV,2024-07-31 00:15:10,2338.75924961
BPix_BmI_SEC1_LAY14_LAY4_HV,2024-08-12 23:00:35,2488.93257261
BPix_BmI_SEC1_LAY14_LAY4_HV,2024-08-24 19:25:53,2547.65591207
BPix_BmI_SEC1_LAY14_LAY4_HV,2024-09-15 02:29:21,2844.78791423
BPix_BmI_SEC1_LAY14_LAY4_HV,2024-10-04 17:29:33,2921.07012309
BPix_BmI_SEC1_LAY14_LAY4_HV,2025-05-29 09:30:19,2792.18759571
BPix_BmI_SEC1_LAY14_LAY4_HV,2025-06-08 04:00:10,2920.24496982
FPix_BpI_D2_ROG1_RNG2_HV,2024-05-13 01:09:42,865.402061856
FPix_BpI_D2_ROG1_RNG2_HV,2024-05-20 22:16:31,910.9
FPix_BpI_D2_ROG1_RNG2_HV,2024-07-02 01:57:14,1025.84
FPix_BpI_D2_ROG1_RNG2_HV,2024-07-16 06:48:13,1101.63043478
FPix_BpI_D2_ROG1_RNG2_HV,2024-07-30 23:48:38,1215.69863014
FPix_BpI_D2_ROG1_RNG2_HV,2024-08-12 23:00:47,1288.32258065
FPix_BpI_D2_ROG1_RNG2_HV,2024-08-24 17:58:53,1262.28051643
FPix_BpI_D2_ROG1_RNG2_HV,2024-09-15 02:35:02,1457.66964286
FPix_BpI_D2_ROG1_RNG2_HV,2024-10-04 17:30:35,1494.79289941
FPix_BpI_D2_ROG1_RNG2_HV,2025-05-29 09:21:49,1376.16129032
FPix_BpI_D2_ROG1_RNG2_HV,2025-06-08 03:43:32,1513.9
BPix_BpI_SEC1_LAY23_LAY3_HV,2024-05-13 00:29:21,2608.30978723
BPix_BpI_SEC1_LAY23_LAY3_HV,2024-05-20 22:30:01,2593.67684478
BPix_BpI_SEC1_LAY23_LAY3_HV,2024-07-02 01:29:39,2998.14326531
BPix_BpI_SEC1_LAY23_LAY3_HV,2024-07-16 07:01:09,3226.12582781
BPix_BpI_SEC1_LAY23_LAY3_HV,2024-07-31 00:16:38,3590.6478542
BPix_BpI_SEC1_LAY23_LAY3_HV,2024-08-12 22:59:39,3817.47912156
BPix_BpI_SEC1_LAY23_LAY3_HV,2024-08-24 19:28:54,3912.8077577
BPix_BpI_SEC1_LAY23_LAY3_HV,2024-09-15 02:29:00,4333.99473948
BPix_BpI_SEC1_LAY23_LAY3_HV,2024-10-04 17:30:04,4545.56665848
BPix_BpI_SEC1_LAY23_LAY3_HV,2025-05-29 09:29:40,4380.43998153
BPix_BpI_SEC1_LAY23_LAY3_HV,2025-06-08 04:00:09,4788.20027962
FPix_BmI_D3_ROG1_RNG1_HV,2024-05-13 00:33:05,1394.57879656
FPix_BmI_D3_ROG1_RNG1_HV,2024-05-20 22:27:23,1400.64563107
FPix_BmI_D3_ROG1_RNG1_HV,2024-07-02 01:27:38,1689.55473373
FPix_BmI_D3_ROG1_RNG1_HV,2024-07-16 06:53:57,1788.65172855
FPix_BmI_D3_ROG1_RNG1_HV,2024-07-31 00:08:29,1974.78888889
FPix_BmI_D3_ROG1_RNG1_HV,2024-08-12 23:01:43,2093.95646607
FPix_BmI_D3_ROG1_RNG1_HV,2024-08-24 18:54:07,2069.60512522
FPix_BmI_D3_ROG1_RNG1_HV,2024-09-15 02:21:44,2350.8015625
FPix_BmI_D3_ROG1_RNG1_HV,2024-10-04 17:22:27,2431.24926254
FPix_BmI_D3_ROG1_RNG1_HV,2025-05-29 09:30:12,2309.8119349
FPix_BmI_D3_ROG1_RNG1_HV,2025-06-08 03:49:59,2546.51698671
FPix_BmO_D1_ROG4_RNG1_HV,2024-05-13 00:30:45,1179.15864023
FPix_BmO_D1_ROG4_RNG1_HV,2024-05-20 22:32:24,1195.36909871
FPix_BmO_D1_ROG4_RNG1_HV,2024-07-02 01:28:57,1424.85694915
FPix_BmO_D1_ROG4_RNG1_HV,2024-07-16 07:02:20,1525.88391846
FPix_BmO_D1_ROG4_RNG1_HV,2024-07-31 00:12:54,1692.98557159
FPix_BmO_D1_ROG4_RNG1_HV,2024-08-12 22:59:31,1802.92080378
FPix_BmO_D1_ROG4_RNG1_HV,2024-08-24 19:22:15,1817.51532417
FPix_BmO_D1_ROG4_RNG1_HV,2024-09-15 02:28:14,1981.39762764
FPix_BmO_D1_ROG4_RNG1_HV,2024-10-04 17:27:27,2034.65292096
FPix_BmO_D1_ROG4_RNG1_HV,2025-05-29 09:25:19,1963.88114105
FPix_BmO_D1_ROG4_RNG1_HV,2025-06-08 04:01:19,2158.24752475
BPix_BmO_SEC2_LAY14_LAY1_HV,2024-05-13 00:29:58,1427.03430233
BPix_BmO_SEC2_LAY14_LAY1_HV,2024-05-20 22:30:49,1455.74310345
BPix_BmO_SEC2_LAY14_LAY1_HV,2024-07-02 01:30:12,1838.52418507
BPix_BmO_SEC2_LAY14_LAY1_HV,2024-07-16 07:00:36,2027.18274734
BPix_BmO_SEC2_LAY14_LAY1_HV,2024-07-31 00:14:50,2254.41663653
BPix_BmO_SEC2_LAY14_LAY1_HV,2024-08-12 23:01:38,2648.3675485
BPix_BmO_SEC2_LAY14_LAY1_HV,2024-08-24 19:27:13,2686.2308898
BPix_BmO_SEC2_LAY14_LAY1_HV,2024-09-15 02:29:20,3215.22926829
BPix_BmO_SEC2_LAY14_LAY1_HV,2024-10-04 17:29:42,3381.34385779
BPix_BmO_SEC2_LAY14_LAY1_HV,2025-05-29 09:29:55,3203.22983257
BPix_BmO_SEC2_LAY14_LAY1_HV,2025-06-08 04:00:05,3653.35809114
BPix_BmO_SEC3_LAY23_LAY3_HV,2024-05-13 00:32:41,913.792110874
BPix_BmO_SEC3_LAY23_LAY3_HV,2024-05-20 22:28:34,919.779461279
BPix_BmO_SEC3_LAY23_LAY3_HV,2024-07-02 01:31:35,1118.37717602
BPix_BmO_SEC3_LAY23_LAY3_HV,2024-07-16 07:01:26,1229.48142415
BPix_BmO_SEC3_LAY23_LAY3_HV,2024-07-31 00:17:55,1407.35118685
BPix_BmO_SEC3_LAY23_LAY3_HV,2024-08-12 22:59:41,1524.18881988
BPix_BmO_SEC3_LAY23_LAY3_HV,2024-08-24 19:23:07,1561.49619238
BPix_BmO_SEC3_LAY23_LAY3_HV,2024-09-15 02:29:08,1802.42512077
BPix_BmO_SEC3_LAY23_LAY3_HV,2024-10-04 17:28:34,1891.95284553
BPix_BmO_SEC3_LAY23_LAY3_HV,2025-05-29 09:31:13,1834.34112903
BPix_BmO_SEC3_LAY23_LAY3_HV,2025-06-08 04:00:25,2021.83849329
FPix_BmO_D3_ROG1_RNG1_HV,2024-05-13 00:32:50,1371.48114901
FPix_BmO_D3_ROG1_RNG1_HV,2024-05-20 22:29:59,1404.11309524
FPix_BmO_D3_ROG1_RNG1_HV,2024-07-02 01:31:18,1700.53608247
FPix_BmO_D3_ROG1_RNG1_HV,2024-07-16 07:04:27,1806.19473264
FPix_BmO_D3_ROG1_RNG1_HV,2024-07-31 00:17:40,2000.841841
FPix_BmO_D3_ROG1_RNG1_HV,2024-08-12 22:52:52,2126.25305126
FPix_BmO_D3_ROG1_RNG1_HV,2024-08-24 19:04:46,2113.32472572
FPix_BmO_D3_ROG1_RNG1_HV,2024-09-15 02:29:56,2410.82876712
FPix_BmO_D3_ROG1_RNG1_HV,2024-10-04 17:25:35,2480.69527897
FPix_BmO_D3_ROG1_RNG1_HV,2025-05-29 09:19:09,2369.84431138
FPix_BmO_D3_ROG1_RNG1_HV,2025-06-08 04:03:43,2595.96213184
FPix_BpI_D2_ROG1_RNG1_HV,2024-05-13 01:01:59,1316.53125
FPix_BpI_D2_ROG1_RNG1_HV,2024-05-20 22:34:38,1334.8974359
FPix_BpI_D2_ROG1_RNG1_HV,2024-07-02 01:34:48,1609.5
FPix_BpI_D2_ROG1_RNG1_HV,2024-07-16 06:58:30,1710.79824561
FPix_BpI_D2_ROG1_RNG1_HV,2024-07-31 00:15:28,1898.78571429
FPix_BpI_D2_ROG1_RNG1_HV,2024-08-12 22:54:44,2013.76719577
FPix_BpI_D2_ROG1_RNG1_HV,2024-08-24 18:25:09,1962.02148664
FPix_BpI_D2_ROG1_RNG1_HV,2024-09-15 02:24:15,2283.87867647
FPix_BpI_D2_ROG1_RNG1_HV,2024-10-04 17:26:43,2356.10819672
FPix_BpI_D2_ROG1_RNG1_HV,2025-05-29 09:14:04,2190.98275862
FPix_BpI_D2_ROG1_RNG1_HV,2025-06-08 04:00:44,2408.50402145
BPix_BpI_SEC1_LAY14_LAY4_HV,2024-05-13 00:32:37,1771.21060383
BPix_BpI_SEC1_LAY14_LAY4_HV,2024-05-20 22:30:37,1788.32853717
BPix_BpI_SEC1_LAY14_LAY4_HV,2024-07-02 01:29:33,2024.93682589
BPix_BpI_SEC1_LAY14_LAY4_HV,2024-07-16 07:00:12,2191.07894737
BPix_BpI_SEC1_LAY14_LAY4_HV,2024-07-31 00:15:35,2428.87311492
BPix_BpI_SEC1_LAY14_LAY4_HV,2024-08-12 23:01:08,2583.18399592
BPix_BpI_SEC1_LAY14_LAY4_HV,2024-08-24 19:27:41,2643.6876931
BPix_BpI_SEC1_LAY14_LAY4_HV,2024-09-15 02:30:16,2950.29163439
BPix_BpI_SEC1_LAY14_LAY4_HV,2024-10-04 17:32:12,3030.55286344
BPix_BpI_SEC1_LAY14_LAY4_HV,2025-05-29 09:29:02,2898.83483483
BPix_BpI_SEC1_LAY14_LAY4_HV,2025-06-08 03:58:56,3033.2857836
BPix_BmO_SEC7_LAY14_LAY4_HV,2024-05-13 00:30:47,1454.91006098
BPix_BmO_SEC7_LAY14_LAY4_HV,2024-05-20 22:30:55,1469.61407767
BPix_BmO_SEC7_LAY14_LAY4_HV,2024-07-02 01:30:30,1667.7192846
BPix_BmO_SEC7_LAY14_LAY4_HV,2024-07-16 06:59:36,1815.15138971
BPix_BmO_SEC7_LAY14_LAY4_HV,2024-07-31 00:15:43,2018.65498783
BPix_BmO_SEC7_LAY14_LAY4_HV,2024-08-12 22:59:20,2151.54649428
BPix_BmO_SEC7_LAY14_LAY4_HV,2024-08-24 19:25:49,2207.14563689
BPix_BmO_SEC7_LAY14_LAY4_HV,2024-09-15 02:28:25,2475.43627451
BPix_BmO_SEC7_LAY14_LAY4_HV,2024-10-04 17:29:18,2543.15678571
BPix_BmO_SEC7_LAY14_LAY4_HV,2025-05-29 09:29:54,2384.64701378
BPix_BmO_SEC7_LAY14_LAY4_HV,2025-06-08 03:59:19,2521.79833578
BPix_BpI_SEC8_LAY23_LAY3_HV,2024-05-13 00:29:21,2577.12224109
BPix_BpI_SEC8_LAY23_LAY3_HV,2024-05-20 22:29:23,2552.16498741
BPix_BpI_SEC8_LAY23_LAY3_HV,2024-07-02 01:30:06,2955.45738636
BPix_BpI_SEC8_LAY23_LAY3_HV,2024-07-16 07:00:19,3182.80307491
BPix_BpI_SEC8_LAY23_LAY3_HV,2024-07-31 00:15:11,3546.23799766
BPix_BpI_SEC8_LAY23_LAY3_HV,2024-08-12 23:00:49,3769.11519757
BPix_BpI_SEC8_LAY23_LAY3_HV,2024-08-24 19:24:00,3863.60068349
BPix_BpI_SEC8_LAY23_LAY3_HV,2024-09-15 02:29:49,4299.74245824
BPix_BpI_SEC8_LAY23_LAY3_HV,2024-10-04 17:29:28,4490.88664864
BPix_BpI_SEC8_LAY23_LAY3_HV,2025-05-29 09:31:00,4324.19037004
BPix_BpI_SEC8_LAY23_LAY3_HV,2025-06-08 03:59:58,4720.78213433
BPix_BpO_SEC1_LAY23_LAY2_HV,2024-05-13 00:31:46,1320.54515599
BPix_BpO_SEC1_LAY23_LAY2_HV,2024-05-20 22:29:59,1335.75
BPix_BpO_SEC1_LAY23_LAY2_HV,2024-07-02 01:30:08,1517.72851064
BPix_BpO_SEC1_LAY23_LAY2_HV,2024-07-16 06:59:34,1641.76312336
BPix_BpO_SEC1_LAY23_LAY2_HV,2024-07-31 00:14:05,1810.44143646
BPix_BpO_SEC1_LAY23_LAY2_HV,2024-08-12 23:00:53,1918.06651761
BPix_BpO_SEC1_LAY23_LAY2_HV,2024-08-24 19:28:17,1963.47495238
BPix_BpO_SEC1_LAY23_LAY2_HV,2024-09-15 02:31:18,2177.45775536
BPix_BpO_SEC1_LAY23_LAY2_HV,2024-10-04 17:29:24,2256.7685259
BPix_BpO_SEC1_LAY23_LAY2_HV,2025-05-29 09:31:30,2241.71566265
BPix_BpO_SEC1_LAY23_LAY2_HV,2025-06-08 04:00:13,2355.81297905
FPix_BmI_D2_ROG3_RNG1_HV,2024-05-13 00:51:47,1389.27333333
FPix_BmI_D2_ROG3_RNG1_HV,2024-05-20 22:29:13,1389.41071429
FPix_BmI_D2_ROG3_RNG1_HV,2024-07-02 01:25:06,1680.32446809
FPix_BmI_D2_ROG3_RNG1_HV,2024-07-16 06:53:46,1780.11382114
FPix_BmI_D2_ROG3_RNG1_HV,2024-07-31 00:12:09,1956.52941176
FPix_BmI_D2_ROG3_RNG1_HV,2024-08-12 22:51:20,2095.1540404
FPix_BmI_D2_ROG3_RNG1_HV,2024-08-24 18:44:05,2042.18355417
FPix_BmI_D2_ROG3_RNG1_HV,2024-09-15 02:28:20,2330.14123007
FPix_BmI_D2_ROG3_RNG1_HV,2024-10-04 17:20:37,2407.81404175
FPix_BmI_D2_ROG3_RNG1_HV,2025-05-29 09:19:27,2282.68137255
FPix_BmI_D2_ROG3_RNG1_HV,2025-06-08 03:52:36,2523.10857143
BPix_BpI_SEC7_LAY23_LAY3_HV,2024-05-13 00:29:32,3004.0248139
BPix_BpI_SEC7_LAY23_LAY3_HV,2024-05-20 22:29:50,2979.89480198
BPix_BpI_SEC7_LAY23_LAY3_HV,2024-07-02 01:31:30,3464.71041257
BPix_BpI_SEC7_LAY23_LAY3_HV,2024-07-16 07:00:14,3725.56444736
BPix_BpI_SEC7_LAY23_LAY3_HV,2024-07-31 00:15:27,4147.76561605
BPix_BpI_SEC7_LAY23_LAY3_HV,2024-08-12 23:00:08,4408.69911504
BPix_BpI_SEC7_LAY23_LAY3_HV,2024-08-24 19:24:10,4513.57621031
BPix_BpI_SEC7_LAY23_LAY3_HV,2024-09-15 02:30:46,5031.75744048
BPix_BpI_SEC7_LAY23_LAY3_HV,2024-10-04 17:29:25,5278.78701236
BPix_BpI_SEC7_LAY23_LAY3_HV,2025-05-29 09:30:34,5071.40218341
BPix_BpI_SEC7_LAY23_LAY3_HV,2025-06-08 04:00:05,5552.65250171
FPix_BpI_D2_ROG4_RNG1_HV,2024-05-13 00:54:57,1408.01369863
FPix_BpI_D2_ROG4_RNG1_HV,2024-05-20 22:25:49,1425.54285714
FPix_BpI_D2_ROG4_RNG1_HV,2024-07-02 01:39:55,1718.0755814
FPix_BpI_D2_ROG4_RNG1_HV,2024-07-16 07:18:36,1830.29906542
FPix_BpI_D2_ROG4_RNG1_HV,2024-07-31 00:13:18,2027.57044674
FPix_BpI_D2_ROG4_RNG1_HV,2024-08-12 22:58:24,2165.0543131
FPix_BpI_D2_ROG4_RNG1_HV,2024-08-24 18:22:15,2114.06647116
FPix_BpI_D2_ROG4_RNG1_HV,2024-09-15 02:21:49,2455.7254902
FPix_BpI_D2_ROG4_RNG1_HV,2024-10-04 17:22:40,2534.41193182
FPix_BpI_D2_ROG4_RNG1_HV,2025-05-29 09:16:52,2448.08754209
FPix_BpI_D2_ROG4_RNG1_HV,2025-06-08 03:53:44,2581.29873418
FPix_BmO_D2_ROG3_RNG1_HV,2024-05-13 00:44:54,1168.81707317
FPix_BmO_D2_ROG3_RNG1_HV,2024-05-20 22:24:50,1288.18518519
FPix_BmO_D2_ROG3_RNG1_HV,2024-07-02 01:31:46,1553.29605263
FPix_BmO_D2_ROG3_RNG1_HV,2024-07-16 07:07:48,1640.90776699
FPix_BmO_D2_ROG3_RNG1_HV,2024-07-31 00:16:28,1820.57089552
FPix_BmO_D2_ROG3_RNG1_HV,2024-08-12 22:58:12,1928.32246377
FPix_BmO_D2_ROG3_RNG1_HV,2024-08-24 18:42:54,1892.83661049
FPix_BmO_D2_ROG3_RNG1_HV,2024-09-15 02:30:31,2187.42329545
FPix_BmO_D2_ROG3_RNG1_HV,2024-10-04 17:23:04,2253.49489796
FPix_BmO_D2_ROG3_RNG1_HV,2025-05-29 09:26:45,2136.10164835
FPix_BmO_D2_ROG3_RNG1_HV,2025-06-08 04:03:27,2352.00191571
FPix_BpO_D3_ROG3_RNG2_HV,2024-05-13 01:11:23,802.505813953
FPix_BpO_D3_ROG3_RNG2_HV,2024-05-20 22:16:11,842.615384615
FPix_BpO_D3_ROG3_RNG2_HV,2024-07-02 01:37:44,952.5
FPix_BpO_D3_ROG3_RNG2_HV,2024-07-16 06:39:27,1026.10582011
FPix_BpO_D3_ROG3_RNG2_HV,2024-07-31 00:04:40,1134.86021505
FPix_BpO_D3_ROG3_RNG2_HV,2024-08-12 23:09:32,1205.45909091
FPix_BpO_D3_ROG3_RNG2_HV,2024-08-24 18:45:51,1202.80174419
FPix_BpO_D3_ROG3_RNG2_HV,2024-09-15 02:15:12,1367.60576923
FPix_BpO_D3_ROG3_RNG2_HV,2024-10-04 17:26:20,1402.67910448
FPix_BpO_D3_ROG3_RNG2_HV,2025-05-29 09:29:49,1284.92
FPix_BpO_D3_ROG3_RNG2_HV,2025-06-08 03:59:48,1398.2034632
FPix_BpO_D2_ROG3_RNG2_HV,2024-05-13 01:10:31,809.747252747
FPix_BpO_D2_ROG3_RNG2_HV,2024-05-20 22:04:18,846.85
FPix_BpO_D2_ROG3_RNG2_HV,2024-07-02 01:42:41,954.270833333
FPix_BpO_D2_ROG3_RNG2_HV,2024-07-16 06:35:27,1028.5
FPix_BpO_D2_ROG3_RNG2_HV,2024-07-31 00:17:03,1139.91666667
FPix_BpO_D2_ROG3_RNG2_HV,2024-08-12 22:43:41,1208.2032967
FPix_BpO_D2_ROG3_RNG2_HV,2024-08-24 18:28:01,1204.40570523
FPix_BpO_D2_ROG3_RNG2_HV,2024-09-15 02:21:05,1381.63580247
FPix_BpO_D2_ROG3_RNG2_HV,2024-10-04 17:16:06,1419.3
FPix_BpO_D2_ROG3_RNG2_HV,2025-05-29 09:10:17,1289.09285714
FPix_BpO_D2_ROG3_RNG2_HV,2025-06-08 03:41:53,1407.89583333
BPix_BpO_SEC8_LAY14_LAY4_HV,2024-05-13 00:32:46,2031.91655267
BPix_BpO_SEC8_LAY14_LAY4_HV,2024-05-20 22:30:24,2057.88436831
BPix_BpO_SEC8_LAY14_LAY4_HV,2024-07-02 01:30:21,2336.4183526
BPix_BpO_SEC8_LAY14_LAY4_HV,2024-07-16 07:02:06,2530.36328342
BPix_BpO_SEC8_LAY14_LAY4_HV,2024-07-31 00:16:00,2808.23142857
BPix_BpO_SEC8_LAY14_LAY4_HV,2024-08-12 23:00:53,2986.72619048
BPix_BpO_SEC8_LAY14_LAY4_HV,2024-08-24 19:22:12,3056.47
BPix_BpO_SEC8_LAY14_LAY4_HV,2024-09-15 02:29:16,3420.50726744
BPix_BpO_SEC8_LAY14_LAY4_HV,2024-10-04 17:28:16,3513.43694004
BPix_BpO_SEC8_LAY14_LAY4_HV,2025-05-29 09:30:36,3375.42350487
BPix_BpO_SEC8_LAY14_LAY4_HV,2025-06-08 04:01:17,3556.06063433
BPix_BmI_SEC5_LAY14_LAY1_HV,2024-05-13 00:30:34,1553.07407407
BPix_BmI_SEC5_LAY14_LAY1_HV,2024-05-20 22:28:51,1582.58813264
BPix_BmI_SEC5_LAY14_LAY1_HV,2024-07-02 01:30:18,1986.60844017
BPix_BmI_SEC5_LAY14_LAY1_HV,2024-07-16 07:01:28,2204.68033473
BPix_BmI_SEC5_LAY14_LAY1_HV,2024-07-31 00:15:30,2423.52482784
BPix_BmI_SEC5_LAY14_LAY1_HV,2024-08-12 23:00:02,2821.82492997
BPix_BmI_SEC5_LAY14_LAY1_HV,2024-08-24 19:26:05,2860.36718465
BPix_BmI_SEC5_LAY14_LAY1_HV,2024-09-15 02:29:16,3402.88159694
BPix_BmI_SEC5_LAY14_LAY1_HV,2024-10-04 17:29:59,3535.34970946
BPix_BmI_SEC5_LAY14_LAY1_HV,2025-05-29 09:29:27,3272.36661466
BPix_BmI_SEC5_LAY14_LAY1_HV,2025-06-08 03:59:14,3769.30263646
FPix_BmO_D3_ROG2_RNG2_HV,2024-05-13 01:09:16,1032.09230769
FPix_BmO_D3_ROG2_RNG2_HV,2024-05-20 22:06:10,1101.375
FPix_BmO_D3_ROG2_RNG2_HV,2024-07-02 01:34:50,1258.76190476
FPix_BmO_D3_ROG2_RNG2_HV,2024-07-16 07:04:39,1351.51086957
FPix_BmO_D3_ROG2_RNG2_HV,2024-07-31 00:09:42,1488.68032787
FPix_BmO_D3_ROG2_RNG2_HV,2024-08-12 22:47:41,1555.57058824
FPix_BmO_D3_ROG2_RNG2_HV,2024-08-24 18:10:07,1551.45056726
FPix_BmO_D3_ROG2_RNG2_HV,2024-09-15 02:40:44,1791.1625
FPix_BmO_D3_ROG2_RNG2_HV,2024-10-04 17:11:24,1826.0754717
FPix_BmO_D3_ROG2_RNG2_HV,2025-05-29 09:20:50,1694.67320261
FPix_BmO_D3_ROG2_RNG2_HV,2025-06-08 04:03:42,1853.35483871
BPix_BpO_SEC1_LAY23_LAY3_HV,2024-05-13 00:30:35,2665.88051948
BPix_BpO_SEC1_LAY23_LAY3_HV,2024-05-20 22:29:45,2662.79296875
BPix_BpO_SEC1_LAY23_LAY3_HV,2024-07-02 01:30:26,3159.08450124
BPix_BpO_SEC1_LAY23_LAY3_HV,2024-07-16 07:00:09,3425.95406125
BPix_BpO_SEC1_LAY23_LAY3_HV,2024-07-31 00:16:00,3875.60040924
BPix_BpO_SEC1_LAY23_LAY3_HV,2024-08-12 23:00:00,4148.80808392
BPix_BpO_SEC1_LAY23_LAY3_HV,2024-08-24 19:26:04,4235.37564657
BPix_BpO_SEC1_LAY23_LAY3_HV,2024-09-15 02:29:44,4798.40143635
BPix_BpO_SEC1_LAY23_LAY3_HV,2024-10-04 17:29:44,5054.5436987
BPix_BpO_SEC1_LAY23_LAY3_HV,2025-05-29 09:30:27,4919.97724289
BPix_BpO_SEC1_LAY23_LAY3_HV,2025-06-08 04:00:07,5441.64428375
BPix_BpO_SEC5_LAY14_LAY4_HV,2024-05-13 00:33:56,1561.15696649
BPix_BpO_SEC5_LAY14_LAY4_HV,2024-05-20 22:29:42,1578.85380117
BPix_BpO_SEC5_LAY14_LAY4_HV,2024-07-02 01:30:24,1791.82228361
BPix_BpO_SEC5_LAY14_LAY4_HV,2024-07-16 07:00:09,1944.85874126
BPix_BpO_SEC5_LAY14_LAY4_HV,2024-07-31 00:15:14,2156.92607683
BPix_BpO_SEC5_LAY14_LAY4_HV,2024-08-12 23:00:42,2294.39254514
BPix_BpO_SEC5_LAY14_LAY4_HV,2024-08-24 19:26:41,2348.01182033
BPix_BpO_SEC5_LAY14_LAY4_HV,2024-09-15 02:31:09,2624.71986123
BPix_BpO_SEC5_LAY14_LAY4_HV,2024-10-04 17:28:54,2698.958159
BPix_BpO_SEC5_LAY14_LAY4_HV,2025-05-29 09:31:10,2550.67411866
BPix_BpO_SEC5_LAY14_LAY4_HV,2025-06-08 03:57:08,2694.23336853
BPix_BmI_SEC8_LAY23_LAY2_HV,2024-05-13 00:33:02,1137.30836237
BPix_BmI_SEC8_LAY23_LAY2_HV,2024-05-20 22:30:27,1150.15988372
BPix_BmI_SEC8_LAY23_LAY2_HV,2024-07-02 01:29:51,1312.27214612
BPix_BmI_SEC8_LAY23_LAY2_HV,2024-07-16 07:00:36,1425.05034965
BPix_BmI_SEC8_LAY23_LAY2_HV,2024-07-31 00:16:21,1578.34495192
BPix_BmI_SEC8_LAY23_LAY2_HV,2024-08-12 23:03:09,1676.44004796
BPix_BmI_SEC8_LAY23_LAY2_HV,2024-08-24 19:20:58,1720.33873632
BPix_BmI_SEC8_LAY23_LAY2_HV,2024-09-15 02:29:18,1910.84958217
BPix_BmI_SEC8_LAY23_LAY2_HV,2024-10-04 17:30:03,1980.20643777
BPix_BmI_SEC8_LAY23_LAY2_HV,2025-05-29 09:28:37,1963.87051619
BPix_BmI_SEC8_LAY23_LAY2_HV,2025-06-08 03:58:44,2063.39007092
BPix_BpI_SEC5_LAY23_LAY2_HV,2024-05-13 00:31:24,1793.5256917
BPix_BpI_SEC5_LAY23_LAY2_HV,2024-05-20 22:30:49,1804.62396694
BPix_BpI_SEC5_LAY23_LAY2_HV,2024-07-02 01:29:46,2051.4527163
BPix_BpI_SEC5_LAY23_LAY2_HV,2024-07-16 07:00:55,2215.96935065
BPix_BpI_SEC5_LAY23_LAY2_HV,2024-07-31 00:15:53,2451.46775658
BPix_BpI_SEC5_LAY23_LAY2_HV,2024-08-12 22:59:54,2606.10170251
BPix_BpI_SEC5_LAY23_LAY2_HV,2024-08-24 19:21:43,2679.18212928
BPix_BpI_SEC5_LAY23_LAY2_HV,2024-09-15 02:29:59,2963.8422478
BPix_BpI_SEC5_LAY23_LAY2_HV,2024-10-04 17:30:12,3073.24562562
BPix_BpI_SEC5_LAY23_LAY2_HV,2025-05-29 09:30:00,3044.75275795
BPix_BpI_SEC5_LAY23_LAY2_HV,2025-06-08 04:00:01,3197.03984064
BPix_BmI_SEC4_LAY14_LAY4_HV,2024-05-13 00:33:36,1554.639399
BPix_BmI_SEC4_LAY14_LAY4_HV,2024-05-20 22:29:17,1572.81443299
BPix_BmI_SEC4_LAY14_LAY4_HV,2024-07-02 01:28:32,1785.27272727
BPix_BmI_SEC4_LAY14_LAY4_HV,2024-07-16 07:01:57,1936.86527142
BPix_BmI_SEC4_LAY14_LAY4_HV,2024-07-31 00:15:52,2148.9766537
BPix_BmI_SEC4_LAY14_LAY4_HV,2024-08-12 23:01:21,2289.62507123
BPix_BmI_SEC4_LAY14_LAY4_HV,2024-08-24 19:18:49,2343.767039
BPix_BmI_SEC4_LAY14_LAY4_HV,2024-09-15 02:31:03,2617.82201204
BPix_BmI_SEC4_LAY14_LAY4_HV,2024-10-04 17:30:13,2689.93050987
BPix_BmI_SEC4_LAY14_LAY4_HV,2025-05-29 09:31:32,2549.1179868
BPix_BmI_SEC4_LAY14_LAY4_HV,2025-06-08 04:00:30,2686.20599054
BPix_BmO_SEC3_LAY14_LAY1_HV,2024-05-13 00:28:41,1676.03208556
BPix_BmO_SEC3_LAY14_LAY1_HV,2024-05-20 22:29:17,1712.01579779
BPix_BmO_SEC3_LAY14_LAY1_HV,2024-07-02 01:31:16,2179.88118332
BPix_BmO_SEC3_LAY14_LAY1_HV,2024-07-16 07:00:22,2419.40591398
BPix_BmO_SEC3_LAY14_LAY1_HV,2024-07-31 00:14:12,2693.98770764
BPix_BmO_SEC3_LAY14_LAY1_HV,2024-08-12 23:00:36,3158.94993369
BPix_BmO_SEC3_LAY14_LAY1_HV,2024-08-24 19:23:12,3184.42089399
BPix_BmO_SEC3_LAY14_LAY1_HV,2024-09-15 02:29:57,3824.18659794
BPix_BmO_SEC3_LAY14_LAY1_HV,2024-10-04 17:29:37,3982.98440644
BPix_BmO_SEC3_LAY14_LAY1_HV,2025-05-29 09:29:59,3827.94171484
BPix_BmO_SEC3_LAY14_LAY1_HV,2025-06-08 04:00:03,4435.31646895
FPix_BmO_D2_ROG4_RNG1_HV,2024-05-13 00:59:00,1352.41496599
FPix_BmO_D2_ROG4_RNG1_HV,2024-05-20 22:34:24,1387.60465116
FPix_BmO_D2_ROG4_RNG1_HV,2024-07-02 01:48:35,1677.235
FPix_BmO_D2_ROG4_RNG1_HV,2024-07-16 07:04:10,1772.40434783
FPix_BmO_D2_ROG4_RNG1_HV,2024-07-31 00:14:43,1941.12131148
FPix_BmO_D2_ROG4_RNG1_HV,2024-08-12 22:33:33,2065.29299363
FPix_BmO_D2_ROG4_RNG1_HV,2024-08-24 18:21:09,2032.88646101
FPix_BmO_D2_ROG4_RNG1_HV,2024-09-15 02:29:27,2340.54301075
FPix_BmO_D2_ROG4_RNG1_HV,2024-10-04 17:19:19,2412.91275168
FPix_BmO_D2_ROG4_RNG1_HV,2025-05-29 09:22:37,2265.7752809
FPix_BmO_D2_ROG4_RNG1_HV,2025-06-08 03:50:48,2520.04081633
FPix_BmO_D3_ROG3_RNG1_HV,2024-05-13 00:11:48,1267.49011858
FPix_BmO_D3_ROG3_RNG1_HV,2024-05-20 22:29:30,1281.77
FPix_BmO_D3_ROG3_RNG1_HV,2024-07-02 01:27:22,1547.07714286
FPix_BmO_D3_ROG3_RNG1_HV,2024-07-16 06:59:43,1645.10567164
FPix_BmO_D3_ROG3_RNG1_HV,2024-07-31 00:14:56,1824.53882078
FPix_BmO_D3_ROG3_RNG1_HV,2024-08-12 22:59:30,1956.40233415
FPix_BmO_D3_ROG3_RNG1_HV,2024-08-24 19:25:52,1951.60956094
FPix_BmO_D3_ROG3_RNG1_HV,2024-09-15 02:32:09,2224.70244716
FPix_BmO_D3_ROG3_RNG1_HV,2024-10-04 17:25:11,2292.48827902
FPix_BmO_D3_ROG3_RNG1_HV,2025-05-29 09:26:04,2155.42432815
FPix_BmO_D3_ROG3_RNG1_HV,2025-06-08 03:59:01,2357.26810811
FPix_BpI_D1_ROG1_RNG1_HV,2024-05-13 00:56:58,1424.58666667
FPix_BpI_D1_ROG1_RNG1_HV,2024-05-20 22:27:05,1462.17142857
FPix_BpI_D1_ROG1_RNG1_HV,2024-07-02 01:28:06,1758.79831933
FPix_BpI_D1_ROG1_RNG1_HV,2024-07-16 06:56:11,1867.26845638
FPix_BpI_D1_ROG1_RNG1_HV,2024-07-31 00:08:01,2060.55255255
FPix_BpI_D1_ROG1_RNG1_HV,2024-08-12 23:03:02,2186.84918033
FPix_BpI_D1_ROG1_RNG1_HV,2024-08-24 18:22:29,2138.39305302
FPix_BpI_D1_ROG1_RNG1_HV,2024-09-15 02:30:29,2481.67759563
FPix_BpI_D1_ROG1_RNG1_HV,2024-10-04 17:24:36,2553.74154589
FPix_BpI_D1_ROG1_RNG1_HV,2025-05-29 09:16:38,2400.2688172
FPix_BpI_D1_ROG1_RNG1_HV,2025-06-08 03:54:27,2641.67410714
BPix_BmI_SEC4_LAY23_LAY3_HV,2024-05-13 00:29:18,3175.95242291
BPix_BmI_SEC4_LAY23_LAY3_HV,2024-05-20 22:30:13,3157.55209743
BPix_BmI_SEC4_LAY23_LAY3_HV,2024-07-02 01:28:42,3690.2085994
BPix_BmI_SEC4_LAY23_LAY3_HV,2024-07-16 07:00:11,3947.41698178
BPix_BmI_SEC4_LAY23_LAY3_HV,2024-07-31 00:16:19,4379.4563576
BPix_BmI_SEC4_LAY23_LAY3_HV,2024-08-12 23:00:20,4656.43671285
BPix_BmI_SEC4_LAY23_LAY3_HV,2024-08-24 19:26:04,4763.20638553
BPix_BmI_SEC4_LAY23_LAY3_HV,2024-09-15 02:29:21,5311.50051867
BPix_BmI_SEC4_LAY23_LAY3_HV,2024-10-04 17:30:14,5544.74584801
BPix_BmI_SEC4_LAY23_LAY3_HV,2025-05-29 09:29:35,5445.11593511
BPix_BmI_SEC4_LAY23_LAY3_HV,2025-06-08 04:00:42,6021.88607595
FPix_BpO_D1_ROG1_RNG1_HV,2024-05-13 00:45:01,1541.95321637
FPix_BpO_D1_ROG1_RNG1_HV,2024-05-20 22:22:27,1542.91666667
FPix_BpO_D1_ROG1_RNG1_HV,2024-07-02 01:34:10,1855.39915966
FPix_BpO_D1_ROG1_RNG1_HV,2024-07-16 07:05:40,1966.18217054
FPix_BpO_D1_ROG1_RNG1_HV,2024-07-31 00:07:47,2168.31662269
FPix_BpO_D1_ROG1_RNG1_HV,2024-08-12 22:45:46,2301.63806971
FPix_BpO_D1_ROG1_RNG1_HV,2024-08-24 18:43:00,2262.3800457
FPix_BpO_D1_ROG1_RNG1_HV,2024-09-15 02:34:40,2619.51146789
FPix_BpO_D1_ROG1_RNG1_HV,2024-10-04 17:24:00,2721.11428571
FPix_BpO_D1_ROG1_RNG1_HV,2025-05-29 09:20:24,2576.75487465
FPix_BpO_D1_ROG1_RNG1_HV,2025-06-08 03:53:04,2840.38973384
FPix_BmI_D3_ROG2_RNG1_HV,2024-05-13 01:03:58,936.6875
FPix_BmI_D3_ROG2_RNG1_HV,2024-05-20 22:26:05,955.857142857
FPix_BmI_D3_ROG2_RNG1_HV,2024-07-02 01:20:14,1143.67647059
FPix_BmI_D3_ROG2_RNG1_HV,2024-07-16 06:58:58,1214.3
FPix_BmI_D3_ROG2_RNG1_HV,2024-07-31 00:07:48,1331.904
FPix_BmI_D3_ROG2_RNG1_HV,2024-08-12 22:54:10,1407.96124031
FPix_BmI_D3_ROG2_RNG1_HV,2024-08-24 18:13:12,1359.45244957
FPix_BmI_D3_ROG2_RNG1_HV,2024-09-15 02:20:54,1592.71351351
FPix_BmI_D3_ROG2_RNG1_HV,2024-10-04 17:15:26,1652.59322034
FPix_BmI_D3_ROG2_RNG1_HV,2025-05-29 09:16:44,1563.79357798
FPix_BmI_D3_ROG2_RNG1_HV,2025-06-08 04:00:11,1733.34013605
FPix_BmO_D1_ROG3_RNG1_HV,2024-05-13 01:01:29,1232.83841463
FPix_BmO_D1_ROG3_RNG1_HV,2024-05-20 22:27:06,1311.54347826
FPix_BmO_D1_ROG3_RNG1_HV,2024-07-02 01:33:51,1582.80921053
FPix_BmO_D1_ROG3_RNG1_HV,2024-07-16 07:12:08,1718.37588652
BPix_BpI_SEC3_LAY14_LAY1_HV,2024-05-13 00:30:33,1564.81946073
BPix_BpI_SEC3_LAY14_LAY1_HV,2024-05-20 22:29:53,1605.50598291
BPix_BpI_SEC3_LAY14_LAY1_HV,2024-07-02 01:28:13,2000.79390973
BPix_BpI_SEC3_LAY14_LAY1_HV,2024-07-16 06:59:43,2201.29529915
BPix_BpI_SEC3_LAY14_LAY1_HV,2024-07-31 00:14:13,2401.23830902
BPix_BpI_SEC3_LAY14_LAY1_HV,2024-08-12 22:58:42,2808.21178637
BPix_BpI_SEC3_LAY14_LAY1_HV,2024-08-24 19:25:54,2844.09085221
BPix_BpI_SEC3_LAY14_LAY1_HV,2024-09-15 02:29:40,3387.55662787
BPix_BpI_SEC3_LAY14_LAY1_HV,2024-10-04 17:29:27,3540.13399779
BPix_BpI_SEC3_LAY14_LAY1_HV,2025-05-29 09:28:31,3332.53530633
BPix_BpI_SEC3_LAY14_LAY1_HV,2025-06-08 03:59:49,3816.15452794
BPix_BmO_SEC6_LAY23_LAY3_HV,2024-05-13 00:31:36,2099.20837809
BPix_BmO_SEC6_LAY23_LAY3_HV,2024-05-20 22:29:56,2092.46302817
BPix_BmO_SEC6_LAY23_LAY3_HV,2024-07-02 01:30:46,2447.80242157
BPix_BmO_SEC6_LAY23_LAY3_HV,2024-07-16 07:00:15,2622.47763102
BPix_BmO_SEC6_LAY23_LAY3_HV,2024-07-31 00:16:06,2914.2883704
BPix_BmO_SEC6_LAY23_LAY3_HV,2024-08-12 23:01:45,3088.27266001
BPix_BmO_SEC6_LAY23_LAY3_HV,2024-08-24 19:24:32,3180.67120672
BPix_BmO_SEC6_LAY23_LAY3_HV,2024-09-15 02:29:26,3544.66510264
BPix_BmO_SEC6_LAY23_LAY3_HV,2024-10-04 17:29:55,3760.11640954
BPix_BmO_SEC6_LAY23_LAY3_HV,2025-05-29 09:29:11,3721.88444688
BPix_BmO_SEC6_LAY23_LAY3_HV,2025-06-08 03:59:03,4159.16255222
FPix_BmO_D1_ROG1_RNG2_HV,2024-05-13 01:08:29,910.391089109
FPix_BmO_D1_ROG1_RNG2_HV,2024-05-20 22:12:17,967.25
FPix_BmO_D1_ROG1_RNG2_HV,2024-07-02 01:21:17,1094.52336449
FPix_BmO_D1_ROG1_RNG2_HV,2024-07-16 07:07:18,1177.4964539
FPix_BmO_D1_ROG1_RNG2_HV,2024-07-31 00:24:21,1298.45964126
FPix_BmO_D1_ROG1_RNG2_HV,2024-08-12 23:13:33,1377.43254818
FPix_BmO_D1_ROG1_RNG2_HV,2024-08-24 19:18:30,1386.73780895
FPix_BmO_D1_ROG1_RNG2_HV,2024-09-15 02:36:34,1536.55579399
FPix_BmO_D1_ROG1_RNG2_HV,2024-10-04 17:27:28,1564.46292948
FPix_BmO_D1_ROG1_RNG2_HV,2025-05-29 09:23:58,1467.86528497
FPix_BmO_D1_ROG1_RNG2_HV,2025-06-08 04:02:46,1618.45173745
FPix_BpI_D2_ROG3_RNG1_HV,2024-05-13 00:32:49,1369.37044534
FPix_BpI_D2_ROG3_RNG1_HV,2024-05-20 22:27:27,1369.58467742
FPix_BpI_D2_ROG3_RNG1_HV,2024-07-02 01:32:21,1656.64599775
FPix_BpI_D2_ROG3_RNG1_HV,2024-07-16 07:01:42,1760.79817352
FPix_BpI_D2_ROG3_RNG1_HV,2024-07-31 00:10:37,1951.42098914
FPix_BpI_D2_ROG3_RNG1_HV,2024-08-12 23:04:12,2078.61037234
FPix_BpI_D2_ROG3_RNG1_HV,2024-08-24 18:42:29,2056.29616613
FPix_BpI_D2_ROG3_RNG1_HV,2024-09-15 02:21:58,2340.95071869
FPix_BpI_D2_ROG3_RNG1_HV,2024-10-04 17:18:54,2415.91397849
FPix_BpI_D2_ROG3_RNG1_HV,2025-05-29 09:31:48,2413.93246187
FPix_BpI_D2_ROG3_RNG1_HV,2025-06-08 03:59:17,2543.8601921
FPix_BpI_D1_ROG2_RNG1_HV,2024-05-13 01:07:43,872.020618557
FPix_BpI_D1_ROG2_RNG1_HV,2024-05-20 22:28:56,892.5
FPix_BpI_D1_ROG2_RNG1_HV,2024-07-02 01:30:26,1079.01596351
FPix_BpI_D1_ROG2_RNG1_HV,2024-07-16 06:55:31,1153.6040856
FPix_BpI_D1_ROG2_RNG1_HV,2024-07-31 00:17:25,1273.5030303
FPix_BpI_D1_ROG2_RNG1_HV,2024-08-12 23:00:21,1348.99227053
FPix_BpI_D1_ROG2_RNG1_HV,2024-08-24 19:11:25,1353.51436237
FPix_BpI_D1_ROG2_RNG1_HV,2024-09-15 02:28:10,1523.09112333
FPix_BpI_D1_ROG2_RNG1_HV,2024-10-04 17:23:52,1585.14252517
FPix_BpI_D1_ROG2_RNG1_HV,2025-05-29 09:28:55,1479.02322404
FPix_BpI_D1_ROG2_RNG1_HV,2025-06-08 03:57:08,1611.15605749
BPix_BpO_SEC5_LAY14_LAY1_HV,2024-05-13 00:32:11,1519.07589286
BPix_BpO_SEC5_LAY14_LAY1_HV,2024-05-20 22:30:20,1546.58235294
BPix_BpO_SEC5_LAY14_LAY1_HV,2024-07-02 01:30:54,1981.31781609
BPix_BpO_SEC5_LAY14_LAY1_HV,2024-07-16 06:59:27,2204.94249892
BPix_BpO_SEC5_LAY14_LAY1_HV,2024-07-31 00:15:03,2507.3011236
BPix_BpO_SEC5_LAY14_LAY1_HV,2024-08-12 22:59:15,2924.12573964
BPix_BpO_SEC5_LAY14_LAY1_HV,2024-08-24 19:25:05,2947.8556811
BPix_BpO_SEC5_LAY14_LAY1_HV,2024-09-15 02:30:05,3571.02515546
BPix_BpO_SEC5_LAY14_LAY1_HV,2024-10-04 17:30:11,3762.61741497
BPix_BpO_SEC5_LAY14_LAY1_HV,2025-05-29 09:30:02,3511.4436655
BPix_BpO_SEC5_LAY14_LAY1_HV,2025-06-08 04:00:22,4042.12900792
FPix_BpI_D2_ROG4_RNG2_HV,2024-05-13 01:10:41,878.581521739
FPix_BpI_D2_ROG4_RNG2_HV,2024-05-20 22:11:18,921.545454545
FPix_BpI_D2_ROG4_RNG2_HV,2024-07-02 01:11:13,1040.04545455
FPix_BpI_D2_ROG4_RNG2_HV,2024-07-16 06:55:53,1116.3030303
FPix_BpI_D2_ROG4_RNG2_HV,2024-07-31 00:04:41,1231.744
FPix_BpI_D2_ROG4_RNG2_HV,2024-08-12 22:55:21,1301.73513514
FPix_BpI_D2_ROG4_RNG2_HV,2024-08-24 18:08:34,1298.53846154
FPix_BpI_D2_ROG4_RNG2_HV,2024-09-15 02:12:15,1484.33333333
FPix_BpI_D2_ROG4_RNG2_HV,2024-10-04 17:34:05,1528.96517413
FPix_BpI_D2_ROG4_RNG2_HV,2025-05-29 09:21:41,1407.82926829
FPix_BpI_D2_ROG4_RNG2_HV,2025-06-08 04:10:32,1544.30496454
BPix_BmO_SEC1_LAY14_LAY1_HV,2024-05-13 00:30:12,1300.37096774
BPix_BmO_SEC1_LAY14_LAY1_HV,2024-05-20 22:30:29,1319.22889306
BPix_BmO_SEC1_LAY14_LAY1_HV,2024-07-02 01:30:28,1654.68232662
BPix_BmO_SEC1_LAY14_LAY1_HV,2024-07-16 07:00:34,1830.18834276
BPix_BmO_SEC1_LAY14_LAY1_HV,2024-07-31 00:15:06,2038.44955817
BPix_BmO_SEC1_LAY14_LAY1_HV,2024-08-12 23:00:39,2379.66440315
BPix_BmO_SEC1_LAY14_LAY1_HV,2024-08-24 19:24:11,2428.39500186
BPix_BmO_SEC1_LAY14_LAY1_HV,2024-09-15 02:28:41,2878.89406545
BPix_BmO_SEC1_LAY14_LAY1_HV,2024-10-04 17:28:23,3020.05468125
BPix_BmO_SEC1_LAY14_LAY1_HV,2025-05-29 09:30:53,2794.93806247
BPix_BmO_SEC1_LAY14_LAY1_HV,2025-06-08 04:01:00,3178.26560726
BPix_BmO_SEC8_LAY14_LAY4_HV,2024-05-13 00:31:32,1868.7753304
BPix_BmO_SEC8_LAY14_LAY4_HV,2024-05-20 22:29:41,1891.62891566
BPix_BmO_SEC8_LAY14_LAY4_HV,2024-07-02 01:30:13,2148.0290652
BPix_BmO_SEC8_LAY14_LAY4_HV,2024-07-16 06:59:03,2329.86546547
BPix_BmO_SEC8_LAY14_LAY4_HV,2024-07-31 00:17:30,2583.91607325
BPix_BmO_SEC8_LAY14_LAY4_HV,2024-08-12 22:58:39,2751.50205761
BPix_BmO_SEC8_LAY14_LAY4_HV,2024-08-24 19:23:00,2814.67312925
BPix_BmO_SEC8_LAY14_LAY4_HV,2024-09-15 02:29:09,3152.33256262
BPix_BmO_SEC8_LAY14_LAY4_HV,2024-10-04 17:28:55,3233.9881678
BPix_BmO_SEC8_LAY14_LAY4_HV,2025-05-29 09:30:07,3086.21091997
BPix_BmO_SEC8_LAY14_LAY4_HV,2025-06-08 03:59:06,3253.44886922
BPix_BmO_SEC6_LAY14_LAY4_HV,2024-05-13 00:32:23,1278.58865248
BPix_BmO_SEC6_LAY14_LAY4_HV,2024-05-20 22:30:06,1292.38997214
BPix_BmO_SEC6_LAY14_LAY4_HV,2024-07-02 01:30:09,1461.80363636
BPix_BmO_SEC6_LAY14_LAY4_HV,2024-07-16 07:00:15,1592.72184532
BPix_BmO_SEC6_LAY14_LAY4_HV,2024-07-31 00:15:55,1771.61687571
BPix_BmO_SEC6_LAY14_LAY4_HV,2024-08-12 22:58:15,1890.02274052
BPix_BmO_SEC6_LAY14_LAY4_HV,2024-08-24 19:25:57,1937.21800811
BPix_BmO_SEC6_LAY14_LAY4_HV,2024-09-15 02:28:39,2162.76629018
BPix_BmO_SEC6_LAY14_LAY4_HV,2024-10-04 17:28:37,2224.85244554
BPix_BmO_SEC6_LAY14_LAY4_HV,2025-05-29 09:28:37,2076.05376344
BPix_BmO_SEC6_LAY14_LAY4_HV,2025-06-08 04:00:20,2193.31954887
FPix_BpI_D2_ROG2_RNG2_HV,2024-05-13 01:01:57,1068.06976744
FPix_BpI_D2_ROG2_RNG2_HV,2024-05-20 22:29:03,1112.08695652
FPix_BpI_D2_ROG2_RNG2_HV,2024-07-02 02:02:45,1250.12820513
FPix_BpI_D2_ROG2_RNG2_HV,2024-07-16 07:08:24,1346.5
FPix_BpI_D2_ROG2_RNG2_HV,2024-07-31 00:16:44,1482.02380952
FPix_BpI_D2_ROG2_RNG2_HV,2024-08-12 22:47:30,1576.46969697
FPix_BpI_D2_ROG2_RNG2_HV,2024-08-24 18:12:43,1555.41970199
FPix_BpI_D2_ROG2_RNG2_HV,2024-09-15 02:48:38,1788.64324324
FPix_BpI_D2_ROG2_RNG2_HV,2024-10-04 17:24:32,1833.78021978
FPix_BpI_D2_ROG2_RNG2_HV,2025-05-29 09:10:40,1687.31386861
FPix_BpI_D2_ROG2_RNG2_HV,2025-06-08 03:53:27,1852.68316832
BPix_BpI_SEC5_LAY23_LAY3_HV,2024-05-13 00:29:47,3476.36356209
BPix_BpI_SEC5_LAY23_LAY3_HV,2024-05-20 22:29:51,3459.39325843
BPix_BpI_SEC5_LAY23_LAY3_HV,2024-07-02 01:30:00,4043.91184573
BPix_BpI_SEC5_LAY23_LAY3_HV,2024-07-16 06:59:59,4335.66357234
BPix_BpI_SEC5_LAY23_LAY3_HV,2024-07-31 00:15:39,4815.98982763
BPix_BpI_SEC5_LAY23_LAY3_HV,2024-08-12 23:00:25,5117.02266627
BPix_BpI_SEC5_LAY23_LAY3_HV,2024-08-24 19:26:11,5234.78145011
BPix_BpI_SEC5_LAY23_LAY3_HV,2024-09-15 02:29:51,5837.76646116
BPix_BpI_SEC5_LAY23_LAY3_HV,2024-10-04 17:29:33,6100.3926499
BPix_BpI_SEC5_LAY23_LAY3_HV,2025-05-29 09:30:47,5943.09098901
BPix_BpI_SEC5_LAY23_LAY3_HV,2025-06-08 04:00:20,6563.09041096
FPix_BpI_D1_ROG3_RNG1_HV,2024-05-13 00:56:46,1496.41463415
FPix_BpI_D1_ROG3_RNG1_HV,2024-05-20 22:36:58,1497.94736842
FPix_BpI_D1_ROG3_RNG1_HV,2024-07-02 01:34:02,1824.75700935
FPix_BpI_D1_ROG3_RNG1_HV,2024-07-16 06:50:45,1935.55862069
FPix_BpI_D1_ROG3_RNG1_HV,2024-07-31 00:20:56,2142.87980769
FPix_BpI_D1_ROG3_RNG1_HV,2024-08-12 23:03:25,2275.38378378
FPix_BpI_D1_ROG3_RNG1_HV,2024-08-24 18:21:54,2226.70773196
FPix_BpI_D1_ROG3_RNG1_HV,2024-09-15 02:29:01,2589.26018809
FPix_BpI_D1_ROG3_RNG1_HV,2024-10-04 17:20:27,2670.20231214
FPix_BpI_D1_ROG3_RNG1_HV,2025-05-29 09:15:53,2490.1641791
FPix_BpI_D1_ROG3_RNG1_HV,2025-06-08 03:51:50,2733.45762712
BPix_BmO_SEC5_LAY23_LAY3_HV,2024-05-13 00:29:27,4073.93170732
BPix_BmO_SEC5_LAY23_LAY3_HV,2024-05-20 22:30:01,4075.96328029
BPix_BmO_SEC5_LAY23_LAY3_HV,2024-07-02 01:29:49,4764.1003487
BPix_BmO_SEC5_LAY23_LAY3_HV,2024-07-16 07:00:33,5114.30588235
BPix_BmO_SEC5_LAY23_LAY3_HV,2024-07-31 00:15:01,5680.67666195
BPix_BmO_SEC5_LAY23_LAY3_HV,2024-08-12 22:59:44,6345.01552886
BPix_BmO_SEC5_LAY23_LAY3_HV,2024-08-24 19:26:02,6169.42513533
BPix_BmO_SEC5_LAY23_LAY3_HV,2024-09-15 02:30:15,7328.02430806
BPix_BmO_SEC5_LAY23_LAY3_HV,2024-10-04 17:30:59,7607.37114381
BPix_BmO_SEC5_LAY23_LAY3_HV,2025-05-29 09:28:08,7401.44001791
BPix_BmO_SEC5_LAY23_LAY3_HV,2025-06-08 03:59:06,8551.76134846
FPix_BmI_D1_ROG1_RNG1_HV,2024-05-13 00:42:50,3109.06358382
FPix_BmI_D1_ROG1_RNG1_HV,2024-05-20 22:27:22,3232.17619048
FPix_BmI_D1_ROG1_RNG1_HV,2024-07-02 01:30:47,4171.33647376
FPix_BmI_D1_ROG1_RNG1_HV,2024-07-16 07:03:47,4512.8851626
FPix_BmI_D1_ROG1_RNG1_HV,2024-07-31 00:05:42,5286.16237113
FPix_BmI_D1_ROG1_RNG1_HV,2024-08-12 22:30:45,6046.40548482
FPix_BmI_D1_ROG1_RNG1_HV,2024-08-24 18:53:48,7418.68251748
FPix_BmI_D1_ROG1_RNG1_HV,2024-09-15 02:21:35,8730.8514658
FPix_BmI_D1_ROG1_RNG1_HV,2024-10-04 17:31:37,7370.96905222
FPix_BmI_D1_ROG1_RNG1_HV,2025-05-29 09:21:39,6448.95996519
FPix_BmI_D1_ROG1_RNG1_HV,2025-06-08 03:58:24,7365.27261833
BPix_BpO_SEC1_LAY14_LAY4_HV,2024-05-13 00:31:16,1579.67944251
BPix_BpO_SEC1_LAY14_LAY4_HV,2024-05-20 22:27:08,1599.03713528
BPix_BpO_SEC1_LAY14_LAY4_HV,2024-07-02 01:30:12,1810.61363636
BPix_BpO_SEC1_LAY14_LAY4_HV,2024-07-16 06:59:24,1965.53019244
BPix_BpO_SEC1_LAY14_LAY4_HV,2024-07-31 00:14:25,2180.88695163
BPix_BpO_SEC1_LAY14_LAY4_HV,2024-08-12 23:00:30,2322.67875354
BPix_BpO_SEC1_LAY14_LAY4_HV,2024-08-24 19:28:07,2377.82805387
BPix_BpO_SEC1_LAY14_LAY4_HV,2024-09-15 02:31:17,2655.0387729
BPix_BpO_SEC1_LAY14_LAY4_HV,2024-10-04 17:28:09,2731.58435208
BPix_BpO_SEC1_LAY14_LAY4_HV,2025-05-29 09:29:13,2583.86508585
BPix_BpO_SEC1_LAY14_LAY4_HV,2025-06-08 03:58:16,2723.17485773
FPix_BpO_D1_ROG2_RNG1_HV,2024-05-13 01:02:44,980.869369369
FPix_BpO_D1_ROG2_RNG1_HV,2024-05-20 22:03:06,979.192307692
FPix_BpO_D1_ROG2_RNG1_HV,2024-07-02 01:37:29,1185.07250755
FPix_BpO_D1_ROG2_RNG1_HV,2024-07-16 07:12:51,1261.62009804
FPix_BpO_D1_ROG2_RNG1_HV,2024-07-31 00:03:27,1402.13062099
FPix_BpO_D1_ROG2_RNG1_HV,2024-08-12 23:06:50,1494.9908046
FPix_BpO_D1_ROG2_RNG1_HV,2024-08-24 18:51:08,1469.25293711
FPix_BpO_D1_ROG2_RNG1_HV,2024-09-15 02:29:25,1696.24821429
FPix_BpO_D1_ROG2_RNG1_HV,2024-10-04 17:34:17,1761.11256117
FPix_BpO_D1_ROG2_RNG1_HV,2025-05-29 09:18:11,1682.95238095
FPix_BpO_D1_ROG2_RNG1_HV,2025-06-08 03:54:58,1854.75625
FPix_BmI_D3_ROG4_RNG2_HV,2024-05-13 01:02:10,897.610091743
FPix_BmI_D3_ROG4_RNG2_HV,2024-05-20 22:15:49,939.45
FPix_BmI_D3_ROG4_RNG2_HV,2024-07-02 01:36:28,1055.81751825
FPix_BmI_D3_ROG4_RNG2_HV,2024-07-16 07:04:01,1135.59836066
FPix_BmI_D3_ROG4_RNG2_HV,2024-07-31 00:15:21,1252.33701657
FPix_BmI_D3_ROG4_RNG2_HV,2024-08-12 23:08:27,1328.94512195
FPix_BmI_D3_ROG4_RNG2_HV,2024-08-24 18:25:52,1308.77821317
FPix_BmI_D3_ROG4_RNG2_HV,2024-09-15 02:23:50,1505.31413613
FPix_BmI_D3_ROG4_RNG2_HV,2024-10-04 17:23:48,1530.89150943
FPix_BmI_D3_ROG4_RNG2_HV,2025-05-29 09:15:11,1428.65625
FPix_BmI_D3_ROG4_RNG2_HV,2025-06-08 04:02:22,1567.60150376
FPix_BpO_D2_ROG3_RNG1_HV,2024-05-13 00:51:13,1285.17682927
FPix_BpO_D2_ROG3_RNG1_HV,2024-05-20 22:32:50,1313.83636364
FPix_BpO_D2_ROG3_RNG1_HV,2024-07-02 01:29:35,1572.14084507
FPix_BpO_D2_ROG3_RNG1_HV,2024-07-16 07:07:19,1665.59615385
FPix_BpO_D2_ROG3_RNG1_HV,2024-07-31 00:13:26,1837.94052045
FPix_BpO_D2_ROG3_RNG1_HV,2024-08-12 22:56:55,1951.6988417
FPix_BpO_D2_ROG3_RNG1_HV,2024-08-24 18:36:34,1908.01059908
FPix_BpO_D2_ROG3_RNG1_HV,2024-09-15 02:28:30,2207.43225806
FPix_BpO_D2_ROG3_RNG1_HV,2024-10-04 17:15:49,2280.21606648
FPix_BpO_D2_ROG3_RNG1_HV,2025-05-29 09:20:13,2165.45820433
FPix_BpO_D2_ROG3_RNG1_HV,2025-06-08 03:55:08,2381.08768267
BPix_BmO_SEC4_LAY14_LAY4_HV,2024-05-13 00:34:03,1582.96604414
BPix_BmO_SEC4_LAY14_LAY4_HV,2024-05-20 22:29:18,1601.27653631
BPix_BmO_SEC4_LAY14_LAY4_HV,2024-07-02 01:28:50,1816.4872449
BPix_BmO_SEC4_LAY14_LAY4_HV,2024-07-16 07:00:43,1969.03935957
BPix_BmO_SEC4_LAY14_LAY4_HV,2024-07-31 00:15:50,2183.15714286
BPix_BmO_SEC4_LAY14_LAY4_HV,2024-08-12 23:01:37,2324.2705422
BPix_BmO_SEC4_LAY14_LAY4_HV,2024-08-24 19:20:52,2380.06531489
BPix_BmO_SEC4_LAY14_LAY4_HV,2024-09-15 02:29:26,2658.98236776
BPix_BmO_SEC4_LAY14_LAY4_HV,2024-10-04 17:29:12,2733.11624266
BPix_BmO_SEC4_LAY14_LAY4_HV,2025-05-29 09:32:03,2589.35749186
BPix_BmO_SEC4_LAY14_LAY4_HV,2025-06-08 03:59:33,2730.28444676
BPix_BpI_SEC5_LAY14_LAY1_HV,2024-05-13 00:29:29,1510.53542393
BPix_BpI_SEC5_LAY14_LAY1_HV,2024-05-20 22:30:17,1542.80851064
BPix_BpI_SEC5_LAY14_LAY1_HV,2024-07-02 01:29:56,1894.88455285
BPix_BpI_SEC5_LAY14_LAY1_HV,2024-07-16 07:00:51,2122.84139672
BPix_BpI_SEC5_LAY14_LAY1_HV,2024-07-31 00:16:03,2347.70834852
BPix_BpI_SEC5_LAY14_LAY1_HV,2024-08-12 23:00:18,2728.14996471
BPix_BpI_SEC5_LAY14_LAY1_HV,2024-08-24 19:26:04,2763.22805623
BPix_BpI_SEC5_LAY14_LAY1_HV,2024-09-15 02:29:39,3251.5418637
BPix_BpI_SEC5_LAY14_LAY1_HV,2024-10-04 17:29:33,3412.80396889
BPix_BpI_SEC5_LAY14_LAY1_HV,2025-05-29 09:29:02,3145.35669456
BPix_BpI_SEC5_LAY14_LAY1_HV,2025-06-08 03:59:05,3605.32521871
BPix_BpI_SEC6_LAY14_LAY1_HV,2024-05-13 00:32:12,1520.96264368
BPix_BpI_SEC6_LAY14_LAY1_HV,2024-05-20 22:30:37,1558.53184165
BPix_BpI_SEC6_LAY14_LAY1_HV,2024-07-02 01:30:12,1954.17767296
BPix_BpI_SEC6_LAY14_LAY1_HV,2024-07-16 07:00:12,2160.23665049
BPix_BpI_SEC6_LAY14_LAY1_HV,2024-07-31 00:15:54,2391.616
BPix_BpI_SEC6_LAY14_LAY1_HV,2024-08-12 22:59:48,2791.37702607
BPix_BpI_SEC6_LAY14_LAY1_HV,2024-08-24 19:25:53,2809.38612565
BPix_BpI_SEC6_LAY14_LAY1_HV,2024-09-15 02:29:03,3359.09579877
BPix_BpI_SEC6_LAY14_LAY1_HV,2024-10-04 17:29:42,3553.71083098
BPix_BpI_SEC6_LAY14_LAY1_HV,2025-05-29 09:29:18,3291.46623312
BPix_BpI_SEC6_LAY14_LAY1_HV,2025-06-08 03:59:07,3747.13723326
BPix_BpO_SEC3_LAY14_LAY1_HV,2024-05-13 00:30:44,1510.03240223
BPix_BpO_SEC3_LAY14_LAY1_HV,2024-05-20 22:31:26,1532.76271186
BPix_BpO_SEC3_LAY14_LAY1_HV,2024-07-02 01:30:05,1967.6192447
BPix_BpO_SEC3_LAY14_LAY1_HV,2024-07-16 07:01:17,2190.93478261
BPix_BpO_SEC3_LAY14_LAY1_HV,2024-07-31 00:15:02,2447.58562958
BPix_BpO_SEC3_LAY14_LAY1_HV,2024-08-12 23:00:12,2888.26695916
BPix_BpO_SEC3_LAY14_LAY1_HV,2024-08-24 19:25:29,2911.23730905
BPix_BpO_SEC3_LAY14_LAY1_HV,2024-09-15 02:28:54,3490.90142706
BPix_BpO_SEC3_LAY14_LAY1_HV,2024-10-04 17:28:18,3679.90974544
BPix_BpO_SEC3_LAY14_LAY1_HV,2025-05-29 09:29:02,3485.66650343
BPix_BpO_SEC3_LAY14_LAY1_HV,2025-06-08 04:00:06,4026.19385934
FPix_BpI_D3_ROG3_RNG2_HV,2024-05-13 01:12:19,808.290322581
FPix_BpI_D3_ROG3_RNG2_HV,2024-05-20 22:20:01,846.611111111
FPix_BpI_D3_ROG3_RNG2_HV,2024-07-02 01:28:31,959.666666667
FPix_BpI_D3_ROG3_RNG2_HV,2024-07-16 07:01:57,1032.75862069
FPix_BpI_D3_ROG3_RNG2_HV,2024-07-31 00:08:53,1146.36144578
FPix_BpI_D3_ROG3_RNG2_HV,2024-08-12 22:46:16,1195.91538462
FPix_BpI_D3_ROG3_RNG2_HV,2024-08-24 17:50:34,1188.14316703
FPix_BpI_D3_ROG3_RNG2_HV,2024-09-15 02:27:20,1388.87719298
FPix_BpI_D3_ROG3_RNG2_HV,2024-10-04 17:22:47,1406.06766917
FPix_BpI_D3_ROG3_RNG2_HV,2025-05-29 09:18:19,1298.91666667
FPix_BpI_D3_ROG3_RNG2_HV,2025-06-08 04:03:30,1428.66071429
FPix_BpI_D3_ROG2_RNG1_HV,2024-05-13 01:03:38,928.674757282
FPix_BpI_D3_ROG2_RNG1_HV,2024-05-20 22:14:09,942.25
FPix_BpI_D3_ROG2_RNG1_HV,2024-07-02 01:22:50,1132.9122807
FPix_BpI_D3_ROG2_RNG1_HV,2024-07-16 07:12:22,1210.32631579
FPix_BpI_D3_ROG2_RNG1_HV,2024-07-31 00:07:11,1347.48148148
FPix_BpI_D3_ROG2_RNG1_HV,2024-08-12 22:59:01,1433.93013972
FPix_BpI_D3_ROG2_RNG1_HV,2024-08-24 19:02:49,1430.24640184
FPix_BpI_D3_ROG2_RNG1_HV,2024-09-15 02:31:41,1635.88169014
FPix_BpI_D3_ROG2_RNG1_HV,2024-10-04 17:27:45,1689.67642957
FPix_BpI_D3_ROG2_RNG1_HV,2025-05-29 09:20:07,1599.2428115
FPix_BpI_D3_ROG2_RNG1_HV,2025-06-08 03:26:29,1733.19791667
BPix_BpI_SEC7_LAY23_LAY2_HV,2024-05-13 00:29:58,1533.81144343
BPix_BpI_SEC7_LAY23_LAY2_HV,2024-05-20 22:30:03,1549.21541502
BPix_BpI_SEC7_LAY23_LAY2_HV,2024-07-02 01:29:24,1757.71673254
BPix_BpI_SEC7_LAY23_LAY2_HV,2024-07-16 07:00:45,1894.34398402
BPix_BpI_SEC7_LAY23_LAY2_HV,2024-07-31 00:15:13,2089.69227468
BPix_BpI_SEC7_LAY23_LAY2_HV,2024-08-12 23:00:36,2215.64320713
BPix_BpI_SEC7_LAY23_LAY2_HV,2024-08-24 19:22:49,2255.41206373
BPix_BpI_SEC7_LAY23_LAY2_HV,2024-09-15 02:29:03,2502.32207521
BPix_BpI_SEC7_LAY23_LAY2_HV,2024-10-04 17:30:14,2583.75787728
BPix_BpI_SEC7_LAY23_LAY2_HV,2025-05-29 09:29:19,2582.29576547
BPix_BpI_SEC7_LAY23_LAY2_HV,2025-06-08 04:00:01,2706.33776007
BPix_BpI_SEC2_LAY23_LAY3_HV,2024-05-13 00:29:26,3183.7782392
BPix_BpI_SEC2_LAY23_LAY3_HV,2024-05-20 22:29:47,3165.7326853
BPix_BpI_SEC2_LAY23_LAY3_HV,2024-07-02 01:29:28,3696.36392405
BPix_BpI_SEC2_LAY23_LAY3_HV,2024-07-16 07:00:02,3950.21960658
BPix_BpI_SEC2_LAY23_LAY3_HV,2024-07-31 00:15:00,4410.643144
BPix_BpI_SEC2_LAY23_LAY3_HV,2024-08-12 23:01:06,4709.87998791
BPix_BpI_SEC2_LAY23_LAY3_HV,2024-08-24 19:25:47,4887.66228115
BPix_BpI_SEC2_LAY23_LAY3_HV,2024-09-15 02:29:01,5341.19187192
BPix_BpI_SEC2_LAY23_LAY3_HV,2024-10-04 17:28:39,5576.87569394
BPix_BpI_SEC2_LAY23_LAY3_HV,2025-05-29 09:30:15,5433.96311664
BPix_BpI_SEC2_LAY23_LAY3_HV,2025-06-08 04:00:38,5972.19254446
FPix_BpO_D3_ROG3_RNG1_HV,2024-05-13 00:50:10,1356.34759358
FPix_BpO_D3_ROG3_RNG1_HV,2024-05-20 22:34:20,1380.31818182
FPix_BpO_D3_ROG3_RNG1_HV,2024-07-02 01:24:55,1659.59278351
FPix_BpO_D3_ROG3_RNG1_HV,2024-07-16 07:15:30,1769.64680851
FPix_BpO_D3_ROG3_RNG1_HV,2024-07-31 00:03:59,1961.88121547
FPix_BpO_D3_ROG3_RNG1_HV,2024-08-12 22:51:04,2091.07878788
FPix_BpO_D3_ROG3_RNG1_HV,2024-08-24 18:32:42,2042.8648539
FPix_BpO_D3_ROG3_RNG1_HV,2024-09-15 02:29:39,2373.70046083
FPix_BpO_D3_ROG3_RNG1_HV,2024-10-04 17:25:27,2442.27607362
FPix_BpO_D3_ROG3_RNG1_HV,2025-05-29 09:24:13,2358.54258675
FPix_BpO_D3_ROG3_RNG1_HV,2025-06-08 03:56:30,2595.68374165
BPix_BpO_SEC7_LAY14_LAY1_HV,2024-05-13 00:30:10,1457.32931242
BPix_BpO_SEC7_LAY14_LAY1_HV,2024-05-20 22:30:20,1485.53734062
BPix_BpO_SEC7_LAY14_LAY1_HV,2024-07-02 01:30:29,1865.32165948
BPix_BpO_SEC7_LAY14_LAY1_HV,2024-07-16 07:01:08,2052.15626345
BPix_BpO_SEC7_LAY14_LAY1_HV,2024-07-31 00:13:57,2256.57819008
BPix_BpO_SEC7_LAY14_LAY1_HV,2024-08-12 23:00:32,2647.9922452
BPix_BpO_SEC7_LAY14_LAY1_HV,2024-08-24 19:27:53,2681.27542749
BPix_BpO_SEC7_LAY14_LAY1_HV,2024-09-15 02:30:03,3197.06980704
BPix_BpO_SEC7_LAY14_LAY1_HV,2024-10-04 17:29:03,3362.44361936
BPix_BpO_SEC7_LAY14_LAY1_HV,2025-05-29 09:29:38,3148.1627907
BPix_BpO_SEC7_LAY14_LAY1_HV,2025-06-08 04:00:46,3597.51694915
FPix_BpO_D2_ROG4_RNG1_HV,2024-05-13 00:57:39,1352.72868217
FPix_BpO_D2_ROG4_RNG1_HV,2024-05-20 22:21:50,1371.14285714
FPix_BpO_D2_ROG4_RNG1_HV,2024-07-02 01:28:55,1645.99166667
FPix_BpO_D2_ROG4_RNG1_HV,2024-07-16 07:05:43,1749.4
FPix_BpO_D2_ROG4_RNG1_HV,2024-07-30 23:48:37,1924.70454545
FPix_BpO_D2_ROG4_RNG1_HV,2024-08-12 22:49:37,2079.09663866
FPix_BpO_D2_ROG4_RNG1_HV,2024-08-24 18:23:35,2012.58092784
FPix_BpO_D2_ROG4_RNG1_HV,2024-09-15 02:19:48,2343.72563177
FPix_BpO_D2_ROG4_RNG1_HV,2024-10-04 17:12:59,2437.16770186
FPix_BpO_D2_ROG4_RNG1_HV,2025-05-29 09:18:15,2284.39115646
FPix_BpO_D2_ROG4_RNG1_HV,2025-06-08 03:55:31,2508.56590909
BPix_BmO_SEC8_LAY14_LAY1_HV,2024-05-13 00:30:03,1338.32853567
BPix_BmO_SEC8_LAY14_LAY1_HV,2024-05-20 22:29:53,1360.55893536
BPix_BmO_SEC8_LAY14_LAY1_HV,2024-07-02 01:28:04,1734.70519263
BPix_BmO_SEC8_LAY14_LAY1_HV,2024-07-16 07:00:09,1921.71330176
BPix_BmO_SEC8_LAY14_LAY1_HV,2024-07-31 00:15:08,2161.30937384
BPix_BmO_SEC8_LAY14_LAY1_HV,2024-08-12 23:00:16,2540.57906137
BPix_BmO_SEC8_LAY14_LAY1_HV,2024-08-24 19:25:59,2573.30071393
BPix_BmO_SEC8_LAY14_LAY1_HV,2024-09-15 02:29:25,3108.9772344
BPix_BmO_SEC8_LAY14_LAY1_HV,2024-10-04 17:28:40,3255.09494517
BPix_BmO_SEC8_LAY14_LAY1_HV,2025-05-29 09:30:16,3095.66498994
BPix_BmO_SEC8_LAY14_LAY1_HV,2025-06-08 04:00:25,3519.28996283
FPix_BmI_D3_ROG1_RNG2_HV,2024-05-13 01:12:17,872.265
FPix_BmI_D3_ROG1_RNG2_HV,2024-05-20 22:24:50,921.2
FPix_BmI_D3_ROG1_RNG2_HV,2024-07-02 01:26:17,1022.65225225
FPix_BmI_D3_ROG1_RNG2_HV,2024-07-16 07:01:52,1096.57559682
FPix_BmI_D3_ROG1_RNG2_HV,2024-07-31 00:06:17,1217.374
FPix_BmI_D3_ROG1_RNG2_HV,2024-08-12 22:53:15,1295.70122783
FPix_BmI_D3_ROG1_RNG2_HV,2024-08-24 19:18:09,1309.14728496
FPix_BmI_D3_ROG1_RNG2_HV,2024-09-15 02:22:47,1464.36217949
FPix_BmI_D3_ROG1_RNG2_HV,2024-10-04 17:35:00,1516.55983351
FPix_BmI_D3_ROG1_RNG2_HV,2025-05-29 09:25:42,1397.06591337
FPix_BmI_D3_ROG1_RNG2_HV,2025-06-08 04:01:07,1535.27444254
FPix_BmI_D1_ROG2_RNG2_HV,2024-05-13 01:02:10,1090.45416667
FPix_BmI_D1_ROG2_RNG2_HV,2024-05-20 22:15:24,1132.3
FPix_BmI_D1_ROG2_RNG2_HV,2024-07-02 01:24:45,1276.99224806
FPix_BmI_D1_ROG2_RNG2_HV,2024-07-16 07:07:22,1372.16901408
FPix_BmI_D1_ROG2_RNG2_HV,2024-07-31 00:01:36,1505.46236559
FPix_BmI_D1_ROG2_RNG2_HV,2024-08-12 22:48:48,1595.46842105
FPix_BmI_D1_ROG2_RNG2_HV,2024-08-24 18:19:22,1592.2034965
FPix_BmI_D1_ROG2_RNG2_HV,2024-09-15 02:25:09,1810.91810345
FPix_BmI_D1_ROG2_RNG2_HV,2024-10-04 17:23:01,1859.43776824
FPix_BmI_D1_ROG2_RNG2_HV,2025-05-29 09:33:47,1727.27443609
FPix_BmI_D1_ROG2_RNG2_HV,2025-06-08 04:13:21,1893.4739726
BPix_BmO_SEC5_LAY23_LAY2_HV,2024-05-13 00:31:52,1862.52517986
BPix_BmO_SEC5_LAY23_LAY2_HV,2024-05-20 22:29:26,1881.45143885
BPix_BmO_SEC5_LAY23_LAY2_HV,2024-07-02 01:30:28,2134.45449102
BPix_BmO_SEC5_LAY23_LAY2_HV,2024-07-16 07:00:04,2308.29990715
BPix_BmO_SEC5_LAY23_LAY2_HV,2024-07-31 00:16:25,2550.97713835
BPix_BmO_SEC5_LAY23_LAY2_HV,2024-08-12 23:01:02,2707.87070376
BPix_BmO_SEC5_LAY23_LAY2_HV,2024-08-24 19:23:42,2772.76600364
BPix_BmO_SEC5_LAY23_LAY2_HV,2024-09-15 02:28:28,3073.47440819
BPix_BmO_SEC5_LAY23_LAY2_HV,2024-10-04 17:29:56,3174.47772657
BPix_BmO_SEC5_LAY23_LAY2_HV,2025-05-29 09:32:05,3159.40923077
BPix_BmO_SEC5_LAY23_LAY2_HV,2025-06-08 03:59:31,3322.67647059
FPix_BpO_D1_ROG3_RNG2_HV,2024-05-13 01:15:26,795.247058824
FPix_BpO_D1_ROG3_RNG2_HV,2024-05-20 22:09:31,836.722222222
FPix_BpO_D1_ROG3_RNG2_HV,2024-07-02 01:25:12,942.75
FPix_BpO_D1_ROG3_RNG2_HV,2024-07-16 06:50:10,1016.75
FPix_BpO_D1_ROG3_RNG2_HV,2024-07-31 00:05:51,1123.49019608
FPix_BpO_D1_ROG3_RNG2_HV,2024-08-12 22:53:59,1175.02830189
FPix_BpO_D1_ROG3_RNG2_HV,2024-08-24 17:30:44,1162.48926014
FPix_BpO_D1_ROG3_RNG2_HV,2024-09-15 02:24:48,1350.11578947
FPix_BpO_D1_ROG3_RNG2_HV,2024-10-04 17:18:27,1379.63076923
FPix_BpO_D1_ROG3_RNG2_HV,2025-05-29 09:00:54,1266.24675325
FPix_BpO_D1_ROG3_RNG2_HV,2025-06-08 04:06:53,1392.48387097
FPix_BpO_D1_ROG3_RNG1_HV,2024-05-13 00:56:16,1454.55882353
FPix_BpO_D1_ROG3_RNG1_HV,2024-05-20 22:22:27,1452.27586207
FPix_BpO_D1_ROG3_RNG1_HV,2024-07-02 01:33:18,1753.27906977
FPix_BpO_D1_ROG3_RNG1_HV,2024-07-16 07:06:07,1867.83673469
FPix_BpO_D1_ROG3_RNG1_HV,2024-07-31 00:01:29,2073.04716981
FPix_BpO_D1_ROG3_RNG1_HV,2024-08-12 22:52:56,2254.12546125
FPix_BpO_D1_ROG3_RNG1_HV,2024-08-24 18:27:28,2163.74521652
FPix_BpO_D1_ROG3_RNG1_HV,2024-09-15 02:27:12,2509.00315457
FPix_BpO_D1_ROG3_RNG1_HV,2024-10-04 17:21:16,2622.27937337
FPix_BpO_D1_ROG3_RNG1_HV,2025-05-29 09:12:53,2502.17672414
FPix_BpO_D1_ROG3_RNG1_HV,2025-06-08 04:00:47,2731.57771261
BPix_BpO_SEC7_LAY23_LAY3_HV,2024-05-13 00:29:07,3314.21864686
BPix_BpO_SEC7_LAY23_LAY3_HV,2024-05-20 22:30:17,3304.25270758
BPix_BpO_SEC7_LAY23_LAY3_HV,2024-07-02 01:30:01,3841.23965652
BPix_BpO_SEC7_LAY23_LAY3_HV,2024-07-16 07:00:09,4133.57412653
BPix_BpO_SEC7_LAY23_LAY3_HV,2024-07-31 00:16:43,4605.7944664
BPix_BpO_SEC7_LAY23_LAY3_HV,2024-08-12 23:00:13,4901.16390041
BPix_BpO_SEC7_LAY23_LAY3_HV,2024-08-24 19:24:45,5000.08952371
BPix_BpO_SEC7_LAY23_LAY3_HV,2024-09-15 02:29:56,5576.61255251
BPix_BpO_SEC7_LAY23_LAY3_HV,2024-10-04 17:30:18,5872.4482509
BPix_BpO_SEC7_LAY23_LAY3_HV,2025-05-29 09:30:22,5722.92954545
BPix_BpO_SEC7_LAY23_LAY3_HV,2025-06-08 04:01:04,6317.56366723
FPix_BpI_D1_ROG4_RNG1_HV,2024-05-13 00:40:15,5733.44505495
FPix_BpI_D1_ROG4_RNG1_HV,2024-05-20 22:30:16,5821.01276596
FPix_BpI_D1_ROG4_RNG1_HV,2024-07-02 01:33:40,6999.85383678
FPix_BpI_D1_ROG4_RNG1_HV,2024-07-16 07:00:15,7499.47725073
FPix_BpI_D1_ROG4_RNG1_HV,2024-07-31 00:11:38,8350.78935185
FPix_BpI_D1_ROG4_RNG1_HV,2024-08-12 22:59:40,8866.68160377
FPix_BpI_D1_ROG4_RNG1_HV,2024-08-24 19:06:44,8924.85849057
FPix_BpI_D1_ROG4_RNG1_HV,2024-09-15 02:28:53,10173.1379781
FPix_BpI_D1_ROG4_RNG1_HV,2024-10-04 17:29:43,10468.2837838
FPix_BpI_D1_ROG4_RNG1_HV,2025-05-29 09:22:21,9842.77200335
FPix_BpI_D1_ROG4_RNG1_HV,2025-06-08 03:55:14,10863.9619114
BPix_BmI_SEC2_LAY23_LAY2_HV,2024-05-13 00:31:03,1631.45714286
BPix_BmI_SEC2_LAY23_LAY2_HV,2024-05-20 22:29:52,1643.4279661
BPix_BmI_SEC2_LAY23_LAY2_HV,2024-07-02 01:29:09,1865.14966887
BPix_BmI_SEC2_LAY23_LAY2_HV,2024-07-16 07:00:22,2023.33941236
BPix_BmI_SEC2_LAY23_LAY2_HV,2024-07-31 00:16:07,2232.67469352
BPix_BmI_SEC2_LAY23_LAY2_HV,2024-08-12 23:01:29,2370.43356953
BPix_BmI_SEC2_LAY23_LAY2_HV,2024-08-24 19:25:53,2440.91034898
BPix_BmI_SEC2_LAY23_LAY2_HV,2024-09-15 02:30:44,2676.30792478
BPix_BmI_SEC2_LAY23_LAY2_HV,2024-10-04 17:29:19,2783.80794702
BPix_BmI_SEC2_LAY23_LAY2_HV,2025-05-29 09:30:53,2767.51835158
BPix_BmI_SEC2_LAY23_LAY2_HV,2025-06-08 04:01:12,2909.02231947
FPix_BmO_D2_ROG4_RNG2_HV,2024-05-13 01:10:57,962.116935484
FPix_BmO_D2_ROG4_RNG2_HV,2024-05-20 22:29:42,1020.64705882
FPix_BmO_D2_ROG4_RNG2_HV,2024-07-02 01:41:11,1156.77586207
FPix_BmO_D2_ROG4_RNG2_HV,2024-07-16 07:01:34,1242.49193548
FPix_BmO_D2_ROG4_RNG2_HV,2024-07-30 23:54:33,1366.97515528
FPix_BmO_D2_ROG4_RNG2_HV,2024-08-12 22:46:25,1433.89320388
FPix_BmO_D2_ROG4_RNG2_HV,2024-08-24 18:22:44,1444.22397476
FPix_BmO_D2_ROG4_RNG2_HV,2024-09-15 02:19:44,1644.02512563
FPix_BmO_D2_ROG4_RNG2_HV,2024-10-04 17:35:03,1674.93362832
FPix_BmO_D2_ROG4_RNG2_HV,2025-05-29 09:21:14,1546.92121212
FPix_BmO_D2_ROG4_RNG2_HV,2025-06-08 03:50:52,1722.45454545
FPix_BmI_D3_ROG3_RNG1_HV,2024-05-13 00:48:13,1445.63265306
FPix_BmI_D3_ROG3_RNG1_HV,2024-05-20 22:23:02,1461.60869565
FPix_BmI_D3_ROG3_RNG1_HV,2024-07-02 01:24:05,1769.14285714
FPix_BmI_D3_ROG3_RNG1_HV,2024-07-16 06:53:39,1869.27669903
FPix_BmI_D3_ROG3_RNG1_HV,2024-07-31 00:00:25,2051.14516129
FPix_BmI_D3_ROG3_RNG1_HV,2024-08-12 22:57:09,2175.50688705
FPix_BmI_D3_ROG3_RNG1_HV,2024-08-24 18:44:42,2125.05425101
FPix_BmI_D3_ROG3_RNG1_HV,2024-09-15 02:23:00,2465.67625899
FPix_BmI_D3_ROG3_RNG1_HV,2024-10-04 17:23:52,2566.82964602
FPix_BmI_D3_ROG3_RNG1_HV,2025-05-29 09:20:52,2394.46287129
FPix_BmI_D3_ROG3_RNG1_HV,2025-06-08 03:52:13,2648.39130435
BPix_BmI_SEC2_LAY14_LAY1_HV,2024-05-13 00:29:54,1504.34834123
BPix_BmI_SEC2_LAY14_LAY1_HV,2024-05-20 22:29:58,1533.91803279
BPix_BmI_SEC2_LAY14_LAY1_HV,2024-07-02 01:30:12,1939.91582848
BPix_BmI_SEC2_LAY14_LAY1_HV,2024-07-16 06:59:57,2150.5859375
BPix_BmI_SEC2_LAY14_LAY1_HV,2024-07-31 00:14:34,2394.02927186
BPix_BmI_SEC2_LAY14_LAY1_HV,2024-08-12 22:59:45,2808.38573975
BPix_BmI_SEC2_LAY14_LAY1_HV,2024-08-24 19:25:17,2842.9670235
BPix_BmI_SEC2_LAY14_LAY1_HV,2024-09-15 02:29:03,3394.185
BPix_BmI_SEC2_LAY14_LAY1_HV,2024-10-04 17:29:54,3577.95256065
BPix_BmI_SEC2_LAY14_LAY1_HV,2025-05-29 09:30:15,3356.2193646
BPix_BmI_SEC2_LAY14_LAY1_HV,2025-06-08 03:59:16,3873.29864763
BPix_BpI_SEC6_LAY23_LAY3_HV,2024-05-13 00:29:20,1634.5689441
BPix_BpI_SEC6_LAY23_LAY3_HV,2024-05-20 22:29:39,1622.36730769
BPix_BpI_SEC6_LAY23_LAY3_HV,2024-07-02 01:32:03,1883.75168196
BPix_BpI_SEC6_LAY23_LAY3_HV,2024-07-16 07:01:48,2023.1000481
BPix_BpI_SEC6_LAY23_LAY3_HV,2024-07-31 00:16:15,2247.44151565
BPix_BpI_SEC6_LAY23_LAY3_HV,2024-08-12 22:59:31,2389.1579818
BPix_BpI_SEC6_LAY23_LAY3_HV,2024-08-24 19:25:19,2446.89657351
BPix_BpI_SEC6_LAY23_LAY3_HV,2024-09-15 02:30:35,2712.63735558
BPix_BpI_SEC6_LAY23_LAY3_HV,2024-10-04 17:30:10,2845.26623377
BPix_BpI_SEC6_LAY23_LAY3_HV,2025-05-29 09:30:01,2748.23187537
BPix_BpI_SEC6_LAY23_LAY3_HV,2025-06-08 03:58:29,3036.54411765
FPix_BpI_D2_ROG3_RNG2_HV,2024-05-13 01:12:01,807.164835165
FPix_BpI_D2_ROG3_RNG2_HV,2024-05-20 22:04:28,847.1
FPix_BpI_D2_ROG3_RNG2_HV,2024-07-02 01:16:47,956.547619048
FPix_BpI_D2_ROG3_RNG2_HV,2024-07-16 07:00:01,1028.96745321
FPix_BpI_D2_ROG3_RNG2_HV,2024-07-31 00:15:26,1135.00820419
FPix_BpI_D2_ROG3_RNG2_HV,2024-08-12 23:00:01,1196.49036044
FPix_BpI_D2_ROG3_RNG2_HV,2024-08-24 19:04:10,1215.69809203
FPix_BpI_D2_ROG3_RNG2_HV,2024-09-15 02:31:19,1365.20029895
FPix_BpI_D2_ROG3_RNG2_HV,2024-10-04 17:26:09,1403.70735294
FPix_BpI_D2_ROG3_RNG2_HV,2025-05-29 09:23:25,1289.89978678
FPix_BpI_D2_ROG3_RNG2_HV,2025-06-08 03:59:15,1414.53504673
BPix_BpI_SEC2_LAY23_LAY2_HV,2024-05-13 00:29:50,1687.24150943
BPix_BpI_SEC2_LAY23_LAY2_HV,2024-05-20 22:30:41,1699.60160966
BPix_BpI_SEC2_LAY23_LAY2_HV,2024-07-02 01:30:39,1924.43300971
BPix_BpI_SEC2_LAY23_LAY2_HV,2024-07-16 06:59:54,2079.84964682
BPix_BpI_SEC2_LAY23_LAY2_HV,2024-07-31 00:16:05,2297.44083725
BPix_BpI_SEC2_LAY23_LAY2_HV,2024-08-12 23:01:33,2456.35436893
BPix_BpI_SEC2_LAY23_LAY2_HV,2024-08-24 19:26:42,2499.39312632
BPix_BpI_SEC2_LAY23_LAY2_HV,2024-09-15 02:31:07,2759.32996293
BPix_BpI_SEC2_LAY23_LAY2_HV,2024-10-04 17:30:33,2854.76740403
BPix_BpI_SEC2_LAY23_LAY2_HV,2025-05-29 09:31:20,2848.38324873
BPix_BpI_SEC2_LAY23_LAY2_HV,2025-06-08 03:58:06,2994.71360896
BPix_BmI_SEC1_LAY23_LAY2_HV,2024-05-13 00:33:21,1259.27131783
BPix_BmI_SEC1_LAY23_LAY2_HV,2024-05-20 22:29:10,1271.32173913
BPix_BmI_SEC1_LAY23_LAY2_HV,2024-07-02 01:29:01,1442.59568204
BPix_BmI_SEC1_LAY23_LAY2_HV,2024-07-16 07:00:58,1558.43151694
BPix_BmI_SEC1_LAY23_LAY2_HV,2024-07-31 00:15:42,1722.44494238
BPix_BmI_SEC1_LAY23_LAY2_HV,2024-08-12 23:00:05,1829.68407643
BPix_BmI_SEC1_LAY23_LAY2_HV,2024-08-24 19:20:51,1873.87069148
BPix_BmI_SEC1_LAY23_LAY2_HV,2024-09-15 02:29:02,2075.57241041
BPix_BmI_SEC1_LAY23_LAY2_HV,2024-10-04 17:28:44,2146.69363636
BPix_BmI_SEC1_LAY23_LAY2_HV,2025-05-29 09:33:09,2152.38879159
BPix_BmI_SEC1_LAY23_LAY2_HV,2025-06-08 04:01:13,2262.98971305
FPix_BmO_D2_ROG1_RNG1_HV,2024-05-13 00:47:35,1311.61928934
FPix_BmO_D2_ROG1_RNG1_HV,2024-05-20 22:32:23,1351.53061224
FPix_BmO_D2_ROG1_RNG1_HV,2024-07-02 01:25:27,1623.6746988
FPix_BmO_D2_ROG1_RNG1_HV,2024-07-16 06:59:00,1723.01694915
FPix_BmO_D2_ROG1_RNG1_HV,2024-07-31 00:18:42,1909.84883721
FPix_BmO_D2_ROG1_RNG1_HV,2024-08-12 23:03:09,2025.92171717
FPix_BmO_D2_ROG1_RNG1_HV,2024-08-24 19:02:45,1997.99187592
FPix_BmO_D2_ROG1_RNG1_HV,2024-09-15 02:32:56,2302.7444668
FPix_BmO_D2_ROG1_RNG1_HV,2024-10-04 17:18:45,2368.9143898
FPix_BmO_D2_ROG1_RNG1_HV,2025-05-29 09:24:34,2255.6372315
FPix_BmO_D2_ROG1_RNG1_HV,2025-06-08 03:57:32,2471.59501558
FPix_BmI_D3_ROG2_RNG2_HV,2024-05-13 00:54:41,1086.63793103
FPix_BmI_D3_ROG2_RNG2_HV,2024-05-20 22:27:59,1118.25806452
FPix_BmI_D3_ROG2_RNG2_HV,2024-07-02 01:40:10,1251.92307692
FPix_BmI_D3_ROG2_RNG2_HV,2024-07-16 07:07:40,1347.48979592
FPix_BmI_D3_ROG2_RNG2_HV,2024-07-31 00:19:54,1484.61184211
FPix_BmI_D3_ROG2_RNG2_HV,2024-08-12 22:50:08,1571.51315789
FPix_BmI_D3_ROG2_RNG2_HV,2024-08-24 18:15:15,1548.84677419
FPix_BmI_D3_ROG2_RNG2_HV,2024-09-15 02:24:59,1779.37356322
FPix_BmI_D3_ROG2_RNG2_HV,2024-10-04 17:26:08,1829.81920904
FPix_BmI_D3_ROG2_RNG2_HV,2025-05-29 09:08:33,1699.68181818
FPix_BmI_D3_ROG2_RNG2_HV,2025-06-08 03:55:13,1866.55865922
BPix_BmI_SEC5_LAY23_LAY3_HV,2024-05-13 00:30:21,3471.57585918
BPix_BmI_SEC5_LAY23_LAY3_HV,2024-05-20 22:29:23,3453.41825095
BPix_BmI_SEC5_LAY23_LAY3_HV,2024-07-02 01:30:43,4016.95144871
BPix_BmI_SEC5_LAY23_LAY3_HV,2024-07-16 07:00:39,4306.43590572
BPix_BmI_SEC5_LAY23_LAY3_HV,2024-07-31 00:16:08,4776.15307582
BPix_BmI_SEC5_LAY23_LAY3_HV,2024-08-12 23:00:21,5072.75479744
BPix_BmI_SEC5_LAY23_LAY3_HV,2024-08-24 19:25:19,5198.62440316
BPix_BmI_SEC5_LAY23_LAY3_HV,2024-09-15 02:30:26,5791.51921646
BPix_BmI_SEC5_LAY23_LAY3_HV,2024-10-04 17:29:55,6051.35470502
BPix_BmI_SEC5_LAY23_LAY3_HV,2025-05-29 09:29:46,5905.20937363
BPix_BmI_SEC5_LAY23_LAY3_HV,2025-06-08 03:59:06,6543.34357735
BPix_BmI_SEC7_LAY14_LAY1_HV,2024-05-13 00:30:10,1554.43294615
BPix_BmI_SEC7_LAY14_LAY1_HV,2024-05-20 22:29:53,1587.95492487
BPix_BmI_SEC7_LAY14_LAY1_HV,2024-07-02 01:31:10,2005.54353173
BPix_BmI_SEC7_LAY14_LAY1_HV,2024-07-16 06:58:47,2217.28910506
BPix_BmI_SEC7_LAY14_LAY1_HV,2024-07-31 00:15:07,2443.09703234
BPix_BmI_SEC7_LAY14_LAY1_HV,2024-08-12 22:59:52,2868.57300368
BPix_BmI_SEC7_LAY14_LAY1_HV,2024-08-24 19:25:40,2906.58341939
BPix_BmI_SEC7_LAY14_LAY1_HV,2024-09-15 02:28:58,3485.91426365
BPix_BmI_SEC7_LAY14_LAY1_HV,2024-10-04 17:29:16,3653.17119634
BPix_BmI_SEC7_LAY14_LAY1_HV,2025-05-29 09:29:56,3442.17227916
BPix_BmI_SEC7_LAY14_LAY1_HV,2025-06-08 03:58:29,3966.67739653
BPix_BmI_SEC7_LAY23_LAY3_HV,2024-05-13 00:29:43,2761.61320755
BPix_BmI_SEC7_LAY23_LAY3_HV,2024-05-20 22:29:30,2738.35641026
BPix_BmI_SEC7_LAY23_LAY3_HV,2024-07-02 01:28:43,3205.32581454
BPix_BmI_SEC7_LAY23_LAY3_HV,2024-07-16 07:00:30,3460.36572379
BPix_BmI_SEC7_LAY23_LAY3_HV,2024-07-31 00:15:32,3865.90345231
BPix_BmI_SEC7_LAY23_LAY3_HV,2024-08-12 23:00:28,4129.84660494
BPix_BmI_SEC7_LAY23_LAY3_HV,2024-08-24 19:25:53,4348.00490972
BPix_BmI_SEC7_LAY23_LAY3_HV,2024-09-15 02:30:21,4788.40949033
BPix_BmI_SEC7_LAY23_LAY3_HV,2024-10-04 17:30:08,4974.35684237
BPix_BmI_SEC7_LAY23_LAY3_HV,2025-05-29 09:30:05,4803.81970835
BPix_BmI_SEC7_LAY23_LAY3_HV,2025-06-08 03:59:15,5363.7482687
BPix_BmI_SEC3_LAY14_LAY4_HV,2024-05-13 00:33:58,1250.80976431
BPix_BmI_SEC3_LAY14_LAY4_HV,2024-05-20 22:32:16,1264.43073048
BPix_BmI_SEC3_LAY14_LAY4_HV,2024-07-02 01:28:01,1427.10378913
BPix_BmI_SEC3_LAY14_LAY4_HV,2024-07-16 06:59:19,1555.79936508
BPix_BmI_SEC3_LAY14_LAY4_HV,2024-07-31 00:13:42,1727.51890411
BPix_BmI_SEC3_LAY14_LAY4_HV,2024-08-12 23:01:49,1843.23012785
BPix_BmI_SEC3_LAY14_LAY4_HV,2024-08-24 19:24:45,1889.4291301
BPix_BmI_SEC3_LAY14_LAY4_HV,2024-09-15 02:29:41,2108.49143836
BPix_BmI_SEC3_LAY14_LAY4_HV,2024-10-04 17:28:26,2171.37413863
BPix_BmI_SEC3_LAY14_LAY4_HV,2025-05-29 09:28:33,2038.76016949
BPix_BmI_SEC3_LAY14_LAY4_HV,2025-06-08 04:00:13,2150.29735564
BPix_BmO_SEC4_LAY23_LAY3_HV,2024-05-13 00:28:56,4379.88492063
BPix_BmO_SEC4_LAY23_LAY3_HV,2024-05-20 22:29:59,4385.12247325
BPix_BmO_SEC4_LAY23_LAY3_HV,2024-07-02 01:28:42,5152.19849906
BPix_BmO_SEC4_LAY23_LAY3_HV,2024-07-16 07:00:55,5521.79144716
BPix_BmO_SEC4_LAY23_LAY3_HV,2024-07-31 00:15:30,6137.87080814
BPix_BmO_SEC4_LAY23_LAY3_HV,2024-08-12 23:01:01,6542.5720524
BPix_BmO_SEC4_LAY23_LAY3_HV,2024-08-24 19:25:02,6679.7811814
BPix_BmO_SEC4_LAY23_LAY3_HV,2024-09-15 02:29:34,7523.18856594
BPix_BmO_SEC4_LAY23_LAY3_HV,2024-10-04 17:30:54,7939.20425831
BPix_BmO_SEC4_LAY23_LAY3_HV,2025-05-29 09:29:28,7956.6743393
BPix_BmO_SEC4_LAY23_LAY3_HV,2025-06-08 04:00:18,9016.2379538
FPix_BmI_D1_ROG2_RNG1_HV,2024-05-13 01:02:10,877.055555556
FPix_BmI_D1_ROG2_RNG1_HV,2024-05-20 22:05:52,876.863636364
FPix_BmI_D1_ROG2_RNG1_HV,2024-07-02 01:27:32,1058.39083969
FPix_BmI_D1_ROG2_RNG1_HV,2024-07-16 07:04:03,1119.6318408
FPix_BmI_D1_ROG2_RNG1_HV,2024-07-31 00:19:30,1233.63114754
FPix_BmI_D1_ROG2_RNG1_HV,2024-08-12 23:01:55,1307.22789539
FPix_BmI_D1_ROG2_RNG1_HV,2024-08-24 19:11:13,1303.56362906
FPix_BmI_D1_ROG2_RNG1_HV,2024-09-15 02:33:36,1480.45857643
FPix_BmI_D1_ROG2_RNG1_HV,2024-10-04 17:30:31,1536.74061433
FPix_BmI_D1_ROG2_RNG1_HV,2025-05-29 09:22:26,1481.37704918
FPix_BmI_D1_ROG2_RNG1_HV,2025-06-08 03:51:41,1641.06896552
BPix_BpI_SEC4_LAY14_LAY1_HV,2024-05-13 00:30:24,1992.31746032
BPix_BpI_SEC4_LAY14_LAY1_HV,2024-05-20 22:30:00,2037.66869301
BPix_BpI_SEC4_LAY14_LAY1_HV,2024-07-02 01:29:48,2613.53254157
BPix_BpI_SEC4_LAY14_LAY1_HV,2024-07-16 06:59:13,2902.7533137
BPix_BpI_SEC4_LAY14_LAY1_HV,2024-07-31 00:15:50,3197.50391645
BPix_BpI_SEC4_LAY14_LAY1_HV,2024-08-12 23:00:12,3745.21720779
BPix_BpI_SEC4_LAY14_LAY1_HV,2024-08-24 19:22:31,3748.74414018
BPix_BpI_SEC4_LAY14_LAY1_HV,2024-09-15 02:28:43,4579.05213632
BPix_BpI_SEC4_LAY14_LAY1_HV,2024-10-04 17:29:13,4828.39027982
BPix_BpI_SEC4_LAY14_LAY1_HV,2025-05-29 09:29:15,4543.88267644
BPix_BpI_SEC4_LAY14_LAY1_HV,2025-06-08 04:00:27,5368.32082616
BPix_BpI_SEC1_LAY23_LAY2_HV,2024-05-13 00:30:57,1280.17013889
BPix_BpI_SEC1_LAY23_LAY2_HV,2024-05-20 22:29:46,1284.50985915
BPix_BpI_SEC1_LAY23_LAY2_HV,2024-07-02 01:30:45,1463.87724014
BPix_BpI_SEC1_LAY23_LAY2_HV,2024-07-16 07:00:43,1578.15184679
BPix_BpI_SEC1_LAY23_LAY2_HV,2024-07-31 00:16:44,1741.1577381
BPix_BpI_SEC1_LAY23_LAY2_HV,2024-08-12 23:02:05,1842.67193907
BPix_BpI_SEC1_LAY23_LAY2_HV,2024-08-24 19:19:43,1878.65287145
BPix_BpI_SEC1_LAY23_LAY2_HV,2024-09-15 02:30:13,2080.9895784
BPix_BpI_SEC1_LAY23_LAY2_HV,2024-10-04 17:29:36,2148.2058296
BPix_BpI_SEC1_LAY23_LAY2_HV,2025-05-29 09:30:09,2357.5686747
BPix_BpI_SEC1_LAY23_LAY2_HV,2025-06-08 04:00:34,2506.34458078
BPix_BmO_SEC1_LAY14_LAY4_HV,2024-05-13 00:32:21,1639.78964942
BPix_BmO_SEC1_LAY14_LAY4_HV,2024-05-20 22:30:14,1657.30985915
BPix_BmO_SEC1_LAY14_LAY4_HV,2024-07-02 01:33:32,1877.58449477
BPix_BmO_SEC1_LAY14_LAY4_HV,2024-07-16 07:00:34,2034.46964856
BPix_BmO_SEC1_LAY14_LAY4_HV,2024-07-31 00:15:27,2254.77771883
BPix_BmO_SEC1_LAY14_LAY4_HV,2024-08-12 23:01:34,2400.54545455
BPix_BmO_SEC1_LAY14_LAY4_HV,2024-08-24 19:31:14,2458.67897887
BPix_BmO_SEC1_LAY14_LAY4_HV,2024-09-15 02:30:58,2744.04823826
BPix_BmO_SEC1_LAY14_LAY4_HV,2024-10-04 17:29:08,2821.0918494
BPix_BmO_SEC1_LAY14_LAY4_HV,2025-05-29 09:29:30,2683.79868529
BPix_BmO_SEC1_LAY14_LAY4_HV,2025-06-08 03:58:27,2816.72317263
FPix_BmO_D1_ROG3_RNG2_HV,2024-05-13 01:15:02,878.245762712
FPix_BmO_D1_ROG3_RNG2_HV,2024-05-20 22:05:10,971.785714286
FPix_BmO_D1_ROG3_RNG2_HV,2024-07-02 01:39:42,1107.54761905
FPix_BmO_D1_ROG3_RNG2_HV,2024-07-16 06:32:44,1180.64435146
FPix_BpI_D1_ROG4_RNG2_HV,2024-05-13 00:44:38,5095.32032854
FPix_BpI_D1_ROG4_RNG2_HV,2024-05-20 22:30:11,5204.83417085
FPix_BpI_D1_ROG4_RNG2_HV,2024-07-02 01:36:06,6188.03414634
FPix_BpI_D1_ROG4_RNG2_HV,2024-07-16 07:03:08,6654.29861982
FPix_BpI_D1_ROG4_RNG2_HV,2024-07-31 00:12:39,7411.06025267
FPix_BpI_D1_ROG4_RNG2_HV,2024-08-12 22:55:15,7859.86351706
FPix_BpI_D1_ROG4_RNG2_HV,2024-08-24 18:58:45,7929.24097263
FPix_BpI_D1_ROG4_RNG2_HV,2024-09-15 02:27:43,9050.11223694
FPix_BpI_D1_ROG4_RNG2_HV,2024-10-04 17:34:12,9305.09129213
FPix_BpI_D1_ROG4_RNG2_HV,2025-05-29 09:22:18,8718.17836257
FPix_BpI_D1_ROG4_RNG2_HV,2025-06-08 03:49:52,9621.19382504
FPix_BmO_D3_ROG4_RNG1_HV,2024-05-13 00:59:18,1479.53142857
FPix_BmO_D3_ROG4_RNG1_HV,2024-05-20 22:19:44,1538.25641026
FPix_BmO_D3_ROG4_RNG1_HV,2024-07-02 01:30:15,1858.22516556
FPix_BmO_D3_ROG4_RNG1_HV,2024-07-16 07:05:58,1975.36756757
FPix_BmO_D3_ROG4_RNG1_HV,2024-07-31 00:07:11,2185.02592593
FPix_BmO_D3_ROG4_RNG1_HV,2024-08-12 23:03:24,2324.82889734
FPix_BmO_D3_ROG4_RNG1_HV,2024-08-24 18:31:43,2265.71104452
FPix_BmO_D3_ROG4_RNG1_HV,2024-09-15 02:31:41,2634.80118694
FPix_BmO_D3_ROG4_RNG1_HV,2024-10-04 17:19:13,2710.38957816
FPix_BmO_D3_ROG4_RNG1_HV,2025-05-29 09:18:32,2550.46969697
FPix_BmO_D3_ROG4_RNG1_HV,2025-06-08 04:00:12,2824.04770642
BPix_BpI_SEC5_LAY14_LAY4_HV,2024-05-13 00:33:39,1458.75315315
BPix_BpI_SEC5_LAY14_LAY4_HV,2024-05-20 22:29:43,1476.68914956
BPix_BpI_SEC5_LAY14_LAY4_HV,2024-07-02 01:31:19,1668.009839
BPix_BpI_SEC5_LAY14_LAY4_HV,2024-07-16 07:02:47,1810.84054054
BPix_BpI_SEC5_LAY14_LAY4_HV,2024-07-31 00:16:51,2012.14665912
BPix_BpI_SEC5_LAY14_LAY4_HV,2024-08-12 23:01:34,2143.32411765
BPix_BpI_SEC5_LAY14_LAY4_HV,2024-08-24 19:22:39,2193.52109206
BPix_BpI_SEC5_LAY14_LAY4_HV,2024-09-15 02:29:41,2451.85315315
BPix_BpI_SEC5_LAY14_LAY4_HV,2024-10-04 17:30:18,2519.06357895
BPix_BpI_SEC5_LAY14_LAY4_HV,2025-05-29 09:30:09,2577.0108969
BPix_BpI_SEC5_LAY14_LAY4_HV,2025-06-08 03:58:42,2713.6810166
BPix_BpI_SEC4_LAY23_LAY3_HV,2024-05-13 00:30:25,3557.78091286
BPix_BpI_SEC4_LAY23_LAY3_HV,2024-05-20 22:30:14,3547.04396985
BPix_BpI_SEC4_LAY23_LAY3_HV,2024-07-02 01:30:17,4115.69803765
BPix_BpI_SEC4_LAY23_LAY3_HV,2024-07-16 07:00:39,4421.82412553
BPix_BpI_SEC4_LAY23_LAY3_HV,2024-07-31 00:15:45,4899.41372322
BPix_BpI_SEC4_LAY23_LAY3_HV,2024-08-12 23:00:03,5205.38031592
BPix_BpI_SEC4_LAY23_LAY3_HV,2024-08-24 19:26:57,5324.23957893
BPix_BpI_SEC4_LAY23_LAY3_HV,2024-09-15 02:29:10,5920.97507553
BPix_BpI_SEC4_LAY23_LAY3_HV,2024-10-04 17:30:09,6200.45350536
BPix_BpI_SEC4_LAY23_LAY3_HV,2025-05-29 09:30:00,6072.53561644
BPix_BpI_SEC4_LAY23_LAY3_HV,2025-06-08 04:00:51,6689.928154
FPix_BpI_D3_ROG1_RNG2_HV,2024-05-13 01:20:03,385.614583333
FPix_BpI_D3_ROG1_RNG2_HV,2024-05-20 21:57:31,403.25
FPix_BpI_D3_ROG1_RNG2_HV,2024-07-02 00:00:37,457.333333333
FPix_BpI_D3_ROG1_RNG2_HV,2024-07-16 06:03:55,495.611111111
FPix_BpI_D3_ROG1_RNG2_HV,2024-07-30 23:20:43,547.65
FPix_BpI_D3_ROG1_RNG2_HV,2024-08-12 22:50:27,574.025423729
FPix_BpI_D3_ROG1_RNG2_HV,2024-08-24 17:20:24,572.124293785
FPix_BpI_D3_ROG1_RNG2_HV,2024-09-15 02:06:18,661.763157895
FPix_BpI_D3_ROG1_RNG2_HV,2024-10-04 17:04:02,671.241071429
FPix_BpI_D3_ROG1_RNG2_HV,2025-05-29 08:25:01,621.925925926
FPix_BpI_D3_ROG1_RNG2_HV,2025-06-08 03:12:05,680.1875
FPix_BmI_D3_ROG4_RNG1_HV,2024-05-13 00:52:05,1277.70072993
FPix_BmI_D3_ROG4_RNG1_HV,2024-05-20 22:20:04,1288.38709677
FPix_BmI_D3_ROG4_RNG1_HV,2024-07-02 01:29:56,1548.58715596
FPix_BmI_D3_ROG4_RNG1_HV,2024-07-16 07:02:40,1640.70068027
FPix_BmI_D3_ROG4_RNG1_HV,2024-07-31 00:08:35,1811.14903846
FPix_BmI_D3_ROG4_RNG1_HV,2024-08-12 22:59:15,1922.00520833
FPix_BmI_D3_ROG4_RNG1_HV,2024-08-24 18:07:39,1872.46578631
FPix_BmI_D3_ROG4_RNG1_HV,2024-09-15 02:24:15,2182.35123967
FPix_BmI_D3_ROG4_RNG1_HV,2024-10-04 17:07:47,2250.04375
FPix_BmI_D3_ROG4_RNG1_HV,2025-05-29 09:15:28,2225.81651376
FPix_BmI_D3_ROG4_RNG1_HV,2025-06-08 03:51:30,2319.99232737
BPix_BmI_SEC3_LAY23_LAY3_HV,2024-05-13 00:33:27,1300.28671329
BPix_BmI_SEC3_LAY23_LAY3_HV,2024-05-20 22:30:26,1310.52723312
BPix_BmI_SEC3_LAY23_LAY3_HV,2024-07-02 01:29:39,1556.19870875
BPix_BmI_SEC3_LAY23_LAY3_HV,2024-07-16 06:59:17,1643.56354515
BPix_BmI_SEC3_LAY23_LAY3_HV,2024-07-31 00:14:55,1786.30062231
BPix_BmI_SEC3_LAY23_LAY3_HV,2024-08-12 23:03:10,2092.85411651
BPix_BmI_SEC3_LAY23_LAY3_HV,2024-08-24 19:27:21,2202.27771671
BPix_BmI_SEC3_LAY23_LAY3_HV,2024-09-15 02:30:03,2341.50421456
BPix_BmI_SEC3_LAY23_LAY3_HV,2024-10-04 17:30:17,2334.45853299
BPix_BmI_SEC3_LAY23_LAY3_HV,2025-05-29 09:30:04,2411.85292048
BPix_BmI_SEC3_LAY23_LAY3_HV,2025-06-08 04:01:43,2538.68676868
FPix_BmI_D2_ROG4_RNG1_HV,2024-05-13 00:46:53,1379.47222222
FPix_BmI_D2_ROG4_RNG1_HV,2024-05-20 22:26:43,1387.11392405
FPix_BmI_D2_ROG4_RNG1_HV,2024-07-02 01:34:16,1662.30258303
FPix_BmI_D2_ROG4_RNG1_HV,2024-07-16 07:10:08,1758.93065693
FPix_BmI_D2_ROG4_RNG1_HV,2024-07-31 00:08:27,1923.65633803
FPix_BmI_D2_ROG4_RNG1_HV,2024-08-12 22:55:56,2063.92957746
FPix_BmI_D2_ROG4_RNG1_HV,2024-08-24 18:37:27,2020.10369833
FPix_BmI_D2_ROG4_RNG1_HV,2024-09-15 02:25:21,2288.75906183
FPix_BmI_D2_ROG4_RNG1_HV,2024-10-04 17:36:28,2306.16064257
FPix_BmI_D2_ROG4_RNG1_HV,2025-05-29 09:21:20,2306.92375367
FPix_BmI_D2_ROG4_RNG1_HV,2025-06-08 03:51:31,2415.81733021
BPix_BmO_SEC3_LAY23_LAY2_HV,2024-05-13 00:30:54,1624.22378517
BPix_BmO_SEC3_LAY23_LAY2_HV,2024-05-20 22:29:50,1638.8997996
BPix_BmO_SEC3_LAY23_LAY2_HV,2024-07-02 01:29:31,1855.10519564
BPix_BmO_SEC3_LAY23_LAY2_HV,2024-07-16 07:00:25,2007.92489919
BPix_BmO_SEC3_LAY23_LAY2_HV,2024-07-31 00:15:22,2217.08703072
BPix_BmO_SEC3_LAY23_LAY2_HV,2024-08-12 23:01:38,2355.6515605
BPix_BmO_SEC3_LAY23_LAY2_HV,2024-08-24 19:30:45,2415.77871826
BPix_BmO_SEC3_LAY23_LAY2_HV,2024-09-15 02:30:17,2673.5164945
BPix_BmO_SEC3_LAY23_LAY2_HV,2024-10-04 17:29:17,2763.7754432
BPix_BmO_SEC3_LAY23_LAY2_HV,2025-05-29 09:31:38,2734.68987342
BPix_BmO_SEC3_LAY23_LAY2_HV,2025-06-08 03:59:29,2874.76422058
FPix_BmI_D1_ROG1_RNG2_HV,2024-05-13 00:44:46,2677.04819277
FPix_BmI_D1_ROG1_RNG2_HV,2024-05-20 22:28:51,2816.33
FPix_BmI_D1_ROG1_RNG2_HV,2024-07-02 01:28:46,3592.08828006
FPix_BmI_D1_ROG1_RNG2_HV,2024-07-16 07:01:46,3918.88448471
FPix_BmI_D1_ROG1_RNG2_HV,2024-07-31 00:07:06,4638.97305101
FPix_BmI_D1_ROG1_RNG2_HV,2024-08-12 22:28:24,5374.20770771
FPix_BmI_D1_ROG1_RNG2_HV,2024-08-24 18:53:43,6728.76685481
FPix_BmI_D1_ROG1_RNG2_HV,2024-09-15 02:21:28,7964.78618663
FPix_BmI_D1_ROG1_RNG2_HV,2024-10-04 17:32:22,6558.09460406
FPix_BmI_D1_ROG1_RNG2_HV,2025-05-29 09:22:51,5652.12730807
FPix_BmI_D1_ROG1_RNG2_HV,2025-06-08 03:56:27,6478.61129568
BPix_BpO_SEC8_LAY23_LAY2_HV,2024-05-13 00:32:40,1251.97449909
BPix_BpO_SEC8_LAY23_LAY2_HV,2024-05-20 22:30:35,1266.64011799
BPix_BpO_SEC8_LAY23_LAY2_HV,2024-07-02 01:30:27,1440.51988899
BPix_BpO_SEC8_LAY23_LAY2_HV,2024-07-16 07:00:07,1558.73491379
BPix_BpO_SEC8_LAY23_LAY2_HV,2024-07-31 00:14:23,1720.79495268
BPix_BpO_SEC8_LAY23_LAY2_HV,2024-08-12 23:01:09,1825.69668543
BPix_BpO_SEC8_LAY23_LAY2_HV,2024-08-24 19:20:28,1867.21236166
BPix_BpO_SEC8_LAY23_LAY2_HV,2024-09-15 02:30:06,2069.98466864
BPix_BpO_SEC8_LAY23_LAY2_HV,2024-10-04 17:28:52,2142.27883341
BPix_BpO_SEC8_LAY23_LAY2_HV,2025-05-29 09:28:49,2125.82158787
BPix_BpO_SEC8_LAY23_LAY2_HV,2025-06-08 03:59:00,2237.90646713
FPix_BpO_D1_ROG4_RNG2_HV,2024-05-13 01:11:15,843.276595745
FPix_BpO_D1_ROG4_RNG2_HV,2024-05-20 22:07:57,886.111111111
FPix_BpO_D1_ROG4_RNG2_HV,2024-07-02 02:18:55,1003.94366197
FPix_BpO_D1_ROG4_RNG2_HV,2024-07-16 06:49:22,1077.76956522
FPix_BpO_D1_ROG4_RNG2_HV,2024-07-31 00:05:21,1186.7008547
FPix_BpO_D1_ROG4_RNG2_HV,2024-08-12 22:52:14,1247.6635514
FPix_BpO_D1_ROG4_RNG2_HV,2024-08-24 18:47:20,1266.50424528
FPix_BpO_D1_ROG4_RNG2_HV,2024-09-15 02:21:53,1423.25128205
FPix_BpO_D1_ROG4_RNG2_HV,2024-10-04 17:09:28,1459.17482517
FPix_BpO_D1_ROG4_RNG2_HV,2025-05-29 09:20:10,1352.03910615
FPix_BpO_D1_ROG4_RNG2_HV,2025-06-08 03:49:05,1479.97119342
FPix_BpO_D1_ROG1_RNG2_HV,2024-05-13 01:12:37,889.322580645
FPix_BpO_D1_ROG1_RNG2_HV,2024-05-20 22:28:20,936.166666667
FPix_BpO_D1_ROG1_RNG2_HV,2024-07-02 01:19:07,1056.75257732
FPix_BpO_D1_ROG1_RNG2_HV,2024-07-16 07:04:46,1137.35294118
FPix_BpO_D1_ROG1_RNG2_HV,2024-07-31 00:09:49,1252.2300885
FPix_BpO_D1_ROG1_RNG2_HV,2024-08-12 22:59:56,1327.85620915
FPix_BpO_D1_ROG1_RNG2_HV,2024-08-24 18:11:35,1314.83333333
FPix_BpO_D1_ROG1_RNG2_HV,2024-09-15 02:28:17,1505.86928105
FPix_BpO_D1_ROG1_RNG2_HV,2024-10-04 17:23:50,1542.255
FPix_BpO_D1_ROG1_RNG2_HV,2025-05-29 09:19:56,1437.47761194
FPix_BpO_D1_ROG1_RNG2_HV,2025-06-08 04:07:24,1573.62105263
BPix_BpO_SEC7_LAY23_LAY2_HV,2024-05-13 00:31:14,1874.14964371
BPix_BpO_SEC7_LAY23_LAY2_HV,2024-05-20 22:30:35,1891.6925734
BPix_BpO_SEC7_LAY23_LAY2_HV,2024-07-02 01:30:10,2150.38565297
BPix_BpO_SEC7_LAY23_LAY2_HV,2024-07-16 07:01:19,2325.58656575
BPix_BpO_SEC7_LAY23_LAY2_HV,2024-07-31 00:14:31,2569.17576244
BPix_BpO_SEC7_LAY23_LAY2_HV,2024-08-12 22:59:59,2728.47940692
BPix_BpO_SEC7_LAY23_LAY2_HV,2024-08-24 19:24:49,2793.78837504
BPix_BpO_SEC7_LAY23_LAY2_HV,2024-09-15 02:30:53,3095.76760563
BPix_BpO_SEC7_LAY23_LAY2_HV,2024-10-04 17:30:53,3207.19832142
BPix_BpO_SEC7_LAY23_LAY2_HV,2025-05-29 09:31:01,3185.95963855
BPix_BpO_SEC7_LAY23_LAY2_HV,2025-06-08 03:59:50,3347.65878378
FPix_BpI_D2_ROG2_RNG1_HV,2024-05-13 01:06:50,889.929347826
FPix_BpI_D2_ROG2_RNG1_HV,2024-05-20 22:24:43,908.136363636
FPix_BpI_D2_ROG2_RNG1_HV,2024-07-02 01:50:27,1088.8172043
FPix_BpI_D2_ROG2_RNG1_HV,2024-07-16 06:55:45,1160.20338983
FPix_BpI_D2_ROG2_RNG1_HV,2024-07-31 00:15:47,1287.56692913
FPix_BpI_D2_ROG2_RNG1_HV,2024-08-12 22:54:20,1376.41269841
FPix_BpI_D2_ROG2_RNG1_HV,2024-08-24 18:04:32,1321.43921852
FPix_BpI_D2_ROG2_RNG1_HV,2024-09-15 02:18:11,1562.66494845
FPix_BpI_D2_ROG2_RNG1_HV,2024-10-04 17:27:53,1612.0
FPix_BpI_D2_ROG2_RNG1_HV,2025-05-29 09:13:35,1502.43455497
FPix_BpI_D2_ROG2_RNG1_HV,2025-06-08 03:54:58,1650.3877551
BPix_BpI_SEC1_LAY14_LAY1_HV,2024-05-13 00:31:52,1370.28170732
BPix_BpI_SEC1_LAY14_LAY1_HV,2024-05-20 22:31:03,1385.28355388
BPix_BpI_SEC1_LAY14_LAY1_HV,2024-07-02 01:28:06,1774.51396648
BPix_BpI_SEC1_LAY14_LAY1_HV,2024-07-16 07:01:44,1978.1579172
BPix_BpI_SEC1_LAY14_LAY1_HV,2024-07-31 00:13:30,2258.21931441
BPix_BpI_SEC1_LAY14_LAY1_HV,2024-08-12 23:00:09,2656.86980306
BPix_BpI_SEC1_LAY14_LAY1_HV,2024-08-24 19:24:42,2657.96626536
BPix_BpI_SEC1_LAY14_LAY1_HV,2024-09-15 02:31:06,3253.53116305
BPix_BpI_SEC1_LAY14_LAY1_HV,2024-10-04 17:30:31,3405.37273954
BPix_BpI_SEC1_LAY14_LAY1_HV,2025-05-29 09:29:45,3166.99016054
BPix_BpI_SEC1_LAY14_LAY1_HV,2025-06-08 03:59:28,3621.7373814
BPix_BpI_SEC8_LAY14_LAY1_HV,2024-05-13 00:30:19,1414.08295711
BPix_BpI_SEC8_LAY14_LAY1_HV,2024-05-20 22:30:09,1443.22719449
BPix_BpI_SEC8_LAY14_LAY1_HV,2024-07-02 01:29:59,1791.64938398
BPix_BpI_SEC8_LAY14_LAY1_HV,2024-07-16 07:00:31,1973.44289808
BPix_BpI_SEC8_LAY14_LAY1_HV,2024-07-31 00:16:06,2137.98767669
BPix_BpI_SEC8_LAY14_LAY1_HV,2024-08-12 23:00:16,2510.06132404
BPix_BpI_SEC8_LAY14_LAY1_HV,2024-08-24 19:23:52,2557.34830387
BPix_BpI_SEC8_LAY14_LAY1_HV,2024-09-15 02:29:10,2999.11928375
BPix_BpI_SEC8_LAY14_LAY1_HV,2024-10-04 17:30:59,3163.72408336
BPix_BpI_SEC8_LAY14_LAY1_HV,2025-05-29 09:29:33,2956.62182741
BPix_BpI_SEC8_LAY14_LAY1_HV,2025-06-08 03:59:33,3373.43828996
BPix_BmI_SEC6_LAY23_LAY3_HV,2024-05-13 00:31:18,1641.56797967
BPix_BmI_SEC6_LAY23_LAY3_HV,2024-05-20 22:29:39,1629.21172023
BPix_BmI_SEC6_LAY23_LAY3_HV,2024-07-02 01:29:54,1900.1097561
BPix_BmI_SEC6_LAY23_LAY3_HV,2024-07-16 07:00:47,2036.95654228
BPix_BmI_SEC6_LAY23_LAY3_HV,2024-07-31 00:14:34,2261.70855506
BPix_BmI_SEC6_LAY23_LAY3_HV,2024-08-12 23:02:29,2402.97817133
BPix_BmI_SEC6_LAY23_LAY3_HV,2024-08-24 19:25:22,2470.10337903
BPix_BmI_SEC6_LAY23_LAY3_HV,2024-09-15 02:30:19,2749.43206349
BPix_BmI_SEC6_LAY23_LAY3_HV,2024-10-04 17:29:03,2872.80848448
BPix_BmI_SEC6_LAY23_LAY3_HV,2025-05-29 09:29:51,2785.55582378
BPix_BmI_SEC6_LAY23_LAY3_HV,2025-06-08 04:00:12,3092.15520066
BPix_BmI_SEC2_LAY14_LAY4_HV,2024-05-13 00:31:14,1359.42113565
BPix_BmI_SEC2_LAY14_LAY4_HV,2024-05-20 22:31:21,1372.95121951
BPix_BmI_SEC2_LAY14_LAY4_HV,2024-07-02 01:29:41,1550.8340016
BPix_BmI_SEC2_LAY14_LAY4_HV,2024-07-16 06:59:42,1684.49249423
BPix_BmI_SEC2_LAY14_LAY4_HV,2024-07-31 00:15:32,1868.02374937
BPix_BmI_SEC2_LAY14_LAY4_HV,2024-08-12 23:02:29,1990.80827447
BPix_BmI_SEC2_LAY14_LAY4_HV,2024-08-24 19:25:36,2041.08979026
BPix_BmI_SEC2_LAY14_LAY4_HV,2024-09-15 02:30:13,2275.03272147
BPix_BmI_SEC2_LAY14_LAY4_HV,2024-10-04 17:29:54,2339.17278861
BPix_BmI_SEC2_LAY14_LAY4_HV,2025-05-29 09:29:51,2203.48236196
BPix_BmI_SEC2_LAY14_LAY4_HV,2025-06-08 03:59:21,2318.5351972
BPix_BmI_SEC6_LAY14_LAY1_HV,2024-05-13 00:30:09,1540.55720824
BPix_BmI_SEC6_LAY14_LAY1_HV,2024-05-20 22:29:40,1581.08460237
BPix_BmI_SEC6_LAY14_LAY1_HV,2024-07-02 01:30:01,1973.29509044
BPix_BmI_SEC6_LAY14_LAY1_HV,2024-07-16 06:59:48,2174.9791411
BPix_BmI_SEC6_LAY14_LAY1_HV,2024-07-31 00:14:45,2392.67780514
BPix_BmI_SEC6_LAY14_LAY1_HV,2024-08-12 22:59:17,2804.59257975
BPix_BmI_SEC6_LAY14_LAY1_HV,2024-08-24 19:25:46,2844.26501662
BPix_BmI_SEC6_LAY14_LAY1_HV,2024-09-15 02:28:39,3417.52427962
BPix_BmI_SEC6_LAY14_LAY1_HV,2024-10-04 17:29:53,3576.02181914
BPix_BmI_SEC6_LAY14_LAY1_HV,2025-05-29 09:30:15,3360.36805556
BPix_BmI_SEC6_LAY14_LAY1_HV,2025-06-08 03:59:40,3845.97184116
BPix_BmO_SEC2_LAY23_LAY3_HV,2024-05-13 00:30:09,3452.85494327
BPix_BmO_SEC2_LAY23_LAY3_HV,2024-05-20 22:29:56,3442.7
BPix_BmO_SEC2_LAY23_LAY3_HV,2024-07-02 01:30:51,4033.57943564
BPix_BmO_SEC2_LAY23_LAY3_HV,2024-07-16 06:59:54,4329.22462615
BPix_BmO_SEC2_LAY23_LAY3_HV,2024-07-31 00:14:58,4816.54771316
BPix_BmO_SEC2_LAY23_LAY3_HV,2024-08-12 23:00:53,5120.3132098
BPix_BmO_SEC2_LAY23_LAY3_HV,2024-08-24 19:24:20,5241.5280393
BPix_BmO_SEC2_LAY23_LAY3_HV,2024-09-15 02:30:04,5866.54076621
BPix_BmO_SEC2_LAY23_LAY3_HV,2024-10-04 17:30:09,6182.97638359
BPix_BmO_SEC2_LAY23_LAY3_HV,2025-05-29 09:30:24,6070.91756582
BPix_BmO_SEC2_LAY23_LAY3_HV,2025-06-08 04:00:33,6767.55570606
FPix_BpO_D3_ROG1_RNG1_HV,2024-05-13 00:53:35,1562.97159091
FPix_BpO_D3_ROG1_RNG1_HV,2024-05-20 22:24:42,1588.08333333
FPix_BpO_D3_ROG1_RNG1_HV,2024-07-02 01:29:18,1928.26923077
FPix_BpO_D3_ROG1_RNG1_HV,2024-07-16 07:05:36,2063.20091324
FPix_BpO_D3_ROG1_RNG1_HV,2024-07-31 00:00:12,2250.91262136
FPix_BpO_D3_ROG1_RNG1_HV,2024-08-12 23:00:42,2383.82142857
FPix_BpO_D3_ROG1_RNG1_HV,2024-08-24 18:20:40,2337.82696897
FPix_BpO_D3_ROG1_RNG1_HV,2024-09-15 02:20:07,2702.90909091
FPix_BpO_D3_ROG1_RNG1_HV,2024-10-04 17:24:33,2804.61894273
FPix_BpO_D3_ROG1_RNG1_HV,2025-05-29 09:22:08,2670.24468085
FPix_BpO_D3_ROG1_RNG1_HV,2025-06-08 03:52:56,2936.67321429
FPix_BpO_D2_ROG2_RNG2_HV,2024-05-13 01:03:38,1116.05395683
FPix_BpO_D2_ROG2_RNG2_HV,2024-05-20 22:34:27,1159.0
FPix_BpO_D2_ROG2_RNG2_HV,2024-07-02 01:20:15,1307.30526316
FPix_BpO_D2_ROG2_RNG2_HV,2024-07-16 07:12:29,1409.32824427
FPix_BpO_D2_ROG2_RNG2_HV,2024-07-31 00:03:48,1557.70520231
FPix_BpO_D2_ROG2_RNG2_HV,2024-08-12 22:38:38,1653.07653061
FPix_BpO_D2_ROG2_RNG2_HV,2024-08-24 18:35:13,1640.44241192
FPix_BpO_D2_ROG2_RNG2_HV,2024-09-15 02:32:30,1883.06048387
FPix_BpO_D2_ROG2_RNG2_HV,2024-10-04 17:30:40,1931.88301887
FPix_BpO_D2_ROG2_RNG2_HV,2025-05-29 09:16:02,1772.67857143
FPix_BpO_D2_ROG2_RNG2_HV,2025-06-08 03:54:23,1936.43668122
BPix_BpO_SEC4_LAY14_LAY1_HV,2024-05-13 00:29:38,1676.10925197
BPix_BpO_SEC4_LAY14_LAY1_HV,2024-05-20 22:29:20,1688.41041348
BPix_BpO_SEC4_LAY14_LAY1_HV,2024-07-02 01:28:09,2109.2934322
BPix_BpO_SEC4_LAY14_LAY1_HV,2024-07-16 06:54:30,2380.96188661
BPix_BpO_SEC4_LAY14_LAY1_HV,2024-07-31 00:13:52,2415.17326733
BPix_BpO_SEC4_LAY14_LAY1_HV,2024-08-12 22:58:27,2982.10972851
BPix_BpO_SEC4_LAY14_LAY1_HV,2024-08-24 19:17:32,2776.14998446
BPix_BpO_SEC4_LAY14_LAY1_HV,2024-09-15 02:27:40,3394.45475911
BPix_BpO_SEC4_LAY14_LAY1_HV,2024-10-04 17:19:38,3315.70592194
BPix_BpO_SEC4_LAY14_LAY1_HV,2025-05-29 09:30:10,3397.5571937
BPix_BpO_SEC4_LAY14_LAY1_HV,2025-06-08 03:59:43,3918.03140007
BPix_BpO_SEC4_LAY23_LAY2_HV,2024-05-13 00:32:04,1830.04292929
BPix_BpO_SEC4_LAY23_LAY2_HV,2024-05-20 22:29:11,1844.02448211
BPix_BpO_SEC4_LAY23_LAY2_HV,2024-07-02 01:32:44,2095.69215813
BPix_BpO_SEC4_LAY23_LAY2_HV,2024-07-16 07:00:34,2266.7958884
BPix_BpO_SEC4_LAY23_LAY2_HV,2024-07-31 00:13:33,2503.92307692
BPix_BpO_SEC4_LAY23_LAY2_HV,2024-08-12 22:59:56,2658.7008872
BPix_BpO_SEC4_LAY23_LAY2_HV,2024-08-24 19:24:28,2722.11402124
BPix_BpO_SEC4_LAY23_LAY2_HV,2024-09-15 02:31:52,3014.33641771
BPix_BpO_SEC4_LAY23_LAY2_HV,2024-10-04 17:27:38,3120.27818355
BPix_BpO_SEC4_LAY23_LAY2_HV,2025-05-29 09:31:21,3093.59494491
BPix_BpO_SEC4_LAY23_LAY2_HV,2025-06-08 03:59:20,3253.07351022
FPix_BpO_D2_ROG4_RNG2_HV,2024-05-13 01:10:37,855.948453608
FPix_BpO_D2_ROG4_RNG2_HV,2024-05-20 22:23:17,903.307692308
FPix_BpO_D2_ROG4_RNG2_HV,2024-07-02 00:53:14,1014.80645161
FPix_BpO_D2_ROG4_RNG2_HV,2024-07-16 06:56:07,1097.59574468
FPix_BpO_D2_ROG4_RNG2_HV,2024-07-30 23:31:15,1201.17894737
FPix_BpO_D2_ROG4_RNG2_HV,2024-08-12 22:56:57,1269.62809917
FPix_BpO_D2_ROG4_RNG2_HV,2024-08-24 17:54:09,1261.25308642
FPix_BpO_D2_ROG4_RNG2_HV,2024-09-15 02:10:36,1467.25
FPix_BpO_D2_ROG4_RNG2_HV,2024-10-04 17:25:02,1500.8496732
FPix_BpO_D2_ROG4_RNG2_HV,2025-05-29 09:09:48,1369.65306122
FPix_BpO_D2_ROG4_RNG2_HV,2025-06-08 03:57:45,1500.50847458
FPix_BpO_D2_ROG1_RNG1_HV,2024-05-13 00:58:37,1363.44680851
FPix_BpO_D2_ROG1_RNG1_HV,2024-05-20 22:20:19,1396.14285714
FPix_BpO_D2_ROG1_RNG1_HV,2024-07-02 01:42:37,1673.58156028
FPix_BpO_D2_ROG1_RNG1_HV,2024-07-16 07:10:04,1774.62025316
FPix_BpO_D2_ROG1_RNG1_HV,2024-07-31 00:02:04,1962.06938776
FPix_BpO_D2_ROG1_RNG1_HV,2024-08-12 23:05:51,2080.95582329
FPix_BpO_D2_ROG1_RNG1_HV,2024-08-24 18:39:26,2038.04465162
FPix_BpO_D2_ROG1_RNG1_HV,2024-09-15 02:35:49,2359.12316716
FPix_BpO_D2_ROG1_RNG1_HV,2024-10-04 17:20:18,2439.05744125
FPix_BpO_D2_ROG1_RNG1_HV,2025-05-29 09:16:05,2312.17981073
FPix_BpO_D2_ROG1_RNG1_HV,2025-06-08 03:57:53,2538.15541922
FPix_BmI_D1_ROG3_RNG2_HV,2024-05-13 01:13:10,927.607142857
FPix_BmI_D1_ROG3_RNG2_HV,2024-05-20 22:12:24,969.583333333
FPix_BmI_D1_ROG3_RNG2_HV,2024-07-02 01:42:05,1084.46788991
FPix_BmI_D1_ROG3_RNG2_HV,2024-07-16 06:54:47,1162.91129032
FPix_BmI_D1_ROG3_RNG2_HV,2024-07-31 00:12:53,1274.25414365
FPix_BmI_D1_ROG3_RNG2_HV,2024-08-12 22:51:11,1333.25520833
FPix_BmI_D1_ROG3_RNG2_HV,2024-08-24 18:20:35,1333.75077882
FPix_BmI_D1_ROG3_RNG2_HV,2024-09-15 02:30:53,1519.13658537
FPix_BmI_D1_ROG3_RNG2_HV,2024-10-04 17:30:15,1566.10629921
FPix_BmI_D1_ROG3_RNG2_HV,2025-05-29 09:15:50,1473.17647059
FPix_BmI_D1_ROG3_RNG2_HV,2025-06-08 03:55:38,1614.71597633
BPix_BmI_SEC4_LAY14_LAY1_HV,2024-05-13 00:29:36,2666.76691042
BPix_BmI_SEC4_LAY14_LAY1_HV,2024-05-20 22:30:10,2718.75718016
BPix_BmI_SEC4_LAY14_LAY1_HV,2024-07-02 01:29:48,3573.3255814
BPix_BmI_SEC4_LAY14_LAY1_HV,2024-07-16 06:59:16,3977.50213886
BPix_BmI_SEC4_LAY14_LAY1_HV,2024-07-31 00:15:47,4395.81391963
BPix_BmI_SEC4_LAY14_LAY1_HV,2024-08-12 22:59:17,5215.38201587
BPix_BmI_SEC4_LAY14_LAY1_HV,2024-08-24 19:24:38,5130.16770186
BPix_BmI_SEC4_LAY14_LAY1_HV,2024-09-15 02:29:18,6421.53025665
BPix_BmI_SEC4_LAY14_LAY1_HV,2024-10-04 17:28:29,6770.89633867
BPix_BmI_SEC4_LAY14_LAY1_HV,2025-05-29 09:29:14,6406.26993068
BPix_BmI_SEC4_LAY14_LAY1_HV,2025-06-08 03:59:03,7888.51730831
FPix_BpO_D3_ROG4_RNG1_HV,2024-05-13 00:48:42,1342.64885496
FPix_BpO_D3_ROG4_RNG1_HV,2024-05-20 22:25:28,1354.46551724
FPix_BpO_D3_ROG4_RNG1_HV,2024-07-02 01:08:31,1667.90038314
FPix_BpO_D3_ROG4_RNG1_HV,2024-07-16 07:10:31,1737.01333333
FPix_BpO_D3_ROG4_RNG1_HV,2024-07-31 00:10:53,1930.90877193
FPix_BpO_D3_ROG4_RNG1_HV,2024-08-12 22:45:49,2062.85135135
FPix_BpO_D3_ROG4_RNG1_HV,2024-08-24 18:37:05,2035.1271809
FPix_BpO_D3_ROG4_RNG1_HV,2024-09-15 02:25:13,2349.23899371
FPix_BpO_D3_ROG4_RNG1_HV,2024-10-04 17:20:51,2410.61234568
FPix_BpO_D3_ROG4_RNG1_HV,2025-05-29 09:15:21,2364.42016807
FPix_BpO_D3_ROG4_RNG1_HV,2025-06-08 03:54:15,2511.22093023
BPix_BmO_SEC2_LAY23_LAY2_HV,2024-05-13 00:31:56,1618.67052767
BPix_BmO_SEC2_LAY23_LAY2_HV,2024-05-20 22:29:50,1633.91136802
BPix_BmO_SEC2_LAY23_LAY2_HV,2024-07-02 01:29:05,1849.3943299
BPix_BmO_SEC2_LAY23_LAY2_HV,2024-07-16 07:01:16,2002.09381044
BPix_BmO_SEC2_LAY23_LAY2_HV,2024-07-31 00:14:52,2211.1094589
BPix_BmO_SEC2_LAY23_LAY2_HV,2024-08-12 23:00:05,2350.15675446
BPix_BmO_SEC2_LAY23_LAY2_HV,2024-08-24 19:26:57,2416.84152209
BPix_BmO_SEC2_LAY23_LAY2_HV,2024-09-15 02:29:29,2668.91754967
BPix_BmO_SEC2_LAY23_LAY2_HV,2024-10-04 17:29:20,2765.31631664
BPix_BmO_SEC2_LAY23_LAY2_HV,2025-05-29 09:29:50,2713.40149161
BPix_BmO_SEC2_LAY23_LAY2_HV,2025-06-08 03:58:12,2848.79945677
FPix_BmO_D1_ROG4_RNG2_HV,2024-05-13 00:42:13,1116.7046332
FPix_BmO_D1_ROG4_RNG2_HV,2024-05-20 22:30:33,1144.85106383
FPix_BmO_D1_ROG4_RNG2_HV,2024-07-02 01:26:08,1308.58064516
FPix_BmO_D1_ROG4_RNG2_HV,2024-07-16 07:01:01,1393.08781362
FPix_BmO_D1_ROG4_RNG2_HV,2024-07-31 00:15:11,1517.290625
FPix_BmO_D1_ROG4_RNG2_HV,2024-08-12 23:02:15,1599.05090312
FPix_BmO_D1_ROG4_RNG2_HV,2024-08-24 18:49:54,1601.93891403
FPix_BmO_D1_ROG4_RNG2_HV,2024-09-15 02:29:03,1727.89562764
FPix_BmO_D1_ROG4_RNG2_HV,2024-10-04 17:27:54,1785.9668747
FPix_BmO_D1_ROG4_RNG2_HV,2025-05-29 09:31:18,1777.97486034
FPix_BmO_D1_ROG4_RNG2_HV,2025-06-08 04:00:59,1992.00152788
BPix_BmI_SEC3_LAY14_LAY1_HV,2024-05-13 00:30:13,1781.43412527
BPix_BmI_SEC3_LAY14_LAY1_HV,2024-05-20 22:28:40,1822.49832776
BPix_BmI_SEC3_LAY14_LAY1_HV,2024-07-02 01:29:56,2310.41917671
BPix_BmI_SEC3_LAY14_LAY1_HV,2024-07-16 07:00:16,2548.99082203
BPix_BmI_SEC3_LAY14_LAY1_HV,2024-07-31 00:14:47,2822.01607829
BPix_BmI_SEC3_LAY14_LAY1_HV,2024-08-12 23:00:52,3318.50209059
BPix_BmI_SEC3_LAY14_LAY1_HV,2024-08-24 19:21:55,3337.77274916
BPix_BmI_SEC3_LAY14_LAY1_HV,2024-09-15 02:30:20,4030.1123927
BPix_BmI_SEC3_LAY14_LAY1_HV,2024-10-04 17:29:11,4236.63510694
BPix_BmI_SEC3_LAY14_LAY1_HV,2025-05-29 09:29:15,3957.83358246
BPix_BmI_SEC3_LAY14_LAY1_HV,2025-06-08 03:58:46,4639.45257353
BPix_BmO_SEC5_LAY14_LAY4_HV,2024-05-13 00:31:42,1519.35714286
BPix_BmO_SEC5_LAY14_LAY4_HV,2024-05-20 22:29:23,1538.86807388
BPix_BmO_SEC5_LAY14_LAY4_HV,2024-07-02 01:27:16,1748.58693733
BPix_BmO_SEC5_LAY14_LAY4_HV,2024-07-16 06:58:07,1900.91518468
BPix_BmO_SEC5_LAY14_LAY4_HV,2024-07-31 00:16:16,2098.34624018
BPix_BmO_SEC5_LAY14_LAY4_HV,2024-08-12 23:01:31,2197.08885017
BPix_BmO_SEC5_LAY14_LAY4_HV,2024-08-24 19:21:40,2275.73201581
BPix_BmO_SEC5_LAY14_LAY4_HV,2024-09-15 02:29:03,2551.81943212
BPix_BmO_SEC5_LAY14_LAY4_HV,2024-10-04 17:30:37,2628.08405439
BPix_BmO_SEC5_LAY14_LAY4_HV,2025-05-29 09:29:26,2387.17647059
BPix_BmO_SEC5_LAY14_LAY4_HV,2025-06-08 03:59:45,2615.62962963
BPix_BpO_SEC2_LAY14_LAY1_HV,2024-05-13 00:29:35,1409.11376896
BPix_BpO_SEC2_LAY14_LAY1_HV,2024-05-20 22:30:42,1432.8221831
BPix_BpO_SEC2_LAY14_LAY1_HV,2024-07-02 01:30:07,1809.00324324
BPix_BpO_SEC2_LAY14_LAY1_HV,2024-07-16 07:00:47,2003.3572327
BPix_BpO_SEC2_LAY14_LAY1_HV,2024-07-31 00:15:11,2235.63258671
BPix_BpO_SEC2_LAY14_LAY1_HV,2024-08-12 23:00:25,2614.65558278
BPix_BpO_SEC2_LAY14_LAY1_HV,2024-08-24 19:27:53,2648.91420765
BPix_BpO_SEC2_LAY14_LAY1_HV,2024-09-15 02:28:42,3170.71565408
BPix_BpO_SEC2_LAY14_LAY1_HV,2024-10-04 17:28:27,3330.93398468
BPix_BpO_SEC2_LAY14_LAY1_HV,2025-05-29 09:29:54,3120.63561924
BPix_BpO_SEC2_LAY14_LAY1_HV,2025-06-08 04:00:02,3554.65955882
BPix_BmO_SEC7_LAY23_LAY2_HV,2024-05-13 00:31:00,1852.66506603
BPix_BmO_SEC7_LAY23_LAY2_HV,2024-05-20 22:29:56,1871.51119403
BPix_BmO_SEC7_LAY23_LAY2_HV,2024-07-02 01:29:13,2126.39607603
BPix_BmO_SEC7_LAY23_LAY2_HV,2024-07-16 07:01:40,2300.42318567
BPix_BmO_SEC7_LAY23_LAY2_HV,2024-07-31 00:14:59,2544.16100324
BPix_BmO_SEC7_LAY23_LAY2_HV,2024-08-12 23:01:06,2699.04185474
BPix_BmO_SEC7_LAY23_LAY2_HV,2024-08-24 19:23:14,2766.65444155
BPix_BmO_SEC7_LAY23_LAY2_HV,2024-09-15 02:29:43,3067.43322476
BPix_BmO_SEC7_LAY23_LAY2_HV,2024-10-04 17:31:34,3163.78821656
BPix_BmO_SEC7_LAY23_LAY2_HV,2025-05-29 09:30:05,3152.71237864
BPix_BmO_SEC7_LAY23_LAY2_HV,2025-06-08 03:58:56,3319.22335025
BPix_BpO_SEC7_LAY14_LAY4_HV,2024-05-13 00:32:17,1451.35951662
BPix_BpO_SEC7_LAY14_LAY4_HV,2024-05-20 22:30:43,1466.25117371
BPix_BpO_SEC7_LAY14_LAY4_HV,2024-07-02 01:31:09,1662.1208106
BPix_BpO_SEC7_LAY14_LAY4_HV,2024-07-16 07:01:41,1807.01802885
BPix_BpO_SEC7_LAY14_LAY4_HV,2024-07-31 00:14:52,2009.50682163
BPix_BpO_SEC7_LAY14_LAY4_HV,2024-08-12 22:59:49,2139.80699009
BPix_BpO_SEC7_LAY14_LAY4_HV,2024-08-24 19:23:38,2192.20209814
BPix_BpO_SEC7_LAY14_LAY4_HV,2024-09-15 02:31:31,2450.7639485
BPix_BpO_SEC7_LAY14_LAY4_HV,2024-10-04 17:30:20,2517.62062615
BPix_BpO_SEC7_LAY14_LAY4_HV,2025-05-29 09:32:32,2373.88324488
BPix_BpO_SEC7_LAY14_LAY4_HV,2025-06-08 04:00:43,2500.70754258
BPix_BpI_SEC3_LAY14_LAY4_HV,2024-05-13 00:31:58,1247.78571429
BPix_BpI_SEC3_LAY14_LAY4_HV,2024-05-20 22:29:01,1260.23398329
BPix_BpI_SEC3_LAY14_LAY4_HV,2024-07-02 01:30:56,1422.88989991
BPix_BpI_SEC3_LAY14_LAY4_HV,2024-07-16 07:01:12,1549.13319672
BPix_BpI_SEC3_LAY14_LAY4_HV,2024-07-31 00:13:09,1722.29431818
BPix_BpI_SEC3_LAY14_LAY4_HV,2024-08-12 23:00:13,1835.26575029
BPix_BpI_SEC3_LAY14_LAY4_HV,2024-08-24 19:26:15,1882.05182266
BPix_BpI_SEC3_LAY14_LAY4_HV,2024-09-15 02:31:49,2096.20044743
BPix_BpI_SEC3_LAY14_LAY4_HV,2024-10-04 17:28:24,2157.98050601
BPix_BpI_SEC3_LAY14_LAY4_HV,2025-05-29 09:32:57,2022.83807063
BPix_BpI_SEC3_LAY14_LAY4_HV,2025-06-08 03:59:13,2130.55633047
FPix_BmI_D2_ROG2_RNG2_HV,2024-05-13 00:59:39,1035.7605042
FPix_BmI_D2_ROG2_RNG2_HV,2024-05-20 22:21:20,1072.38888889
FPix_BmI_D2_ROG2_RNG2_HV,2024-07-02 01:25:32,1211.17910448
FPix_BmI_D2_ROG2_RNG2_HV,2024-07-16 06:50:32,1304.06666667
FPix_BmI_D2_ROG2_RNG2_HV,2024-07-30 23:53:25,1440.62962963
FPix_BmI_D2_ROG2_RNG2_HV,2024-08-12 22:52:30,1531.09401709
FPix_BmI_D2_ROG2_RNG2_HV,2024-08-24 18:04:03,1514.83248299
FPix_BmI_D2_ROG2_RNG2_HV,2024-09-15 02:31:09,1743.67096774
FPix_BmI_D2_ROG2_RNG2_HV,2024-10-04 17:16:42,1785.33830846
FPix_BmI_D2_ROG2_RNG2_HV,2025-05-29 09:27:04,1631.54032258
FPix_BmI_D2_ROG2_RNG2_HV,2025-06-08 04:08:10,1782.52331606
BPix_BmI_SEC8_LAY23_LAY3_HV,2024-05-13 00:29:42,2366.73795435
BPix_BmI_SEC8_LAY23_LAY3_HV,2024-05-20 22:29:21,2344.68677792
BPix_BmI_SEC8_LAY23_LAY3_HV,2024-07-02 01:30:03,2742.74468085
BPix_BmI_SEC8_LAY23_LAY3_HV,2024-07-16 07:00:09,2968.63568521
BPix_BmI_SEC8_LAY23_LAY3_HV,2024-07-31 00:14:52,3320.474715
BPix_BmI_SEC8_LAY23_LAY3_HV,2024-08-12 23:00:38,3547.03824451
BPix_BmI_SEC8_LAY23_LAY3_HV,2024-08-24 19:26:49,3643.49760281
BPix_BmI_SEC8_LAY23_LAY3_HV,2024-09-15 02:30:18,4068.38066617
BPix_BmI_SEC8_LAY23_LAY3_HV,2024-10-04 17:29:59,4231.09675019
BPix_BmI_SEC8_LAY23_LAY3_HV,2025-05-29 09:30:47,4081.2490991
BPix_BmI_SEC8_LAY23_LAY3_HV,2025-06-08 03:59:23,4516.24780932
BPix_BpO_SEC2_LAY14_LAY4_HV,2024-05-13 00:32:20,1276.72443674
BPix_BpO_SEC2_LAY14_LAY4_HV,2024-05-20 22:29:43,1289.46456693
BPix_BpO_SEC2_LAY14_LAY4_HV,2024-07-02 01:29:00,1456.92079208
BPix_BpO_SEC2_LAY14_LAY4_HV,2024-07-16 07:03:29,1585.89365791
BPix_BpO_SEC2_LAY14_LAY4_HV,2024-07-31 00:15:43,1760.88714206
BPix_BpO_SEC2_LAY14_LAY4_HV,2024-08-12 23:01:28,1877.14570637
BPix_BpO_SEC2_LAY14_LAY4_HV,2024-08-24 19:20:03,1922.68086124
BPix_BpO_SEC2_LAY14_LAY4_HV,2024-09-15 02:30:48,2146.26183369
BPix_BpO_SEC2_LAY14_LAY4_HV,2024-10-04 17:29:00,2206.66252073
BPix_BpO_SEC2_LAY14_LAY4_HV,2025-05-29 09:29:42,2067.90484282
BPix_BpO_SEC2_LAY14_LAY4_HV,2025-06-08 04:00:01,2177.47968338
FPix_BmI_D2_ROG1_RNG2_HV,2024-05-13 01:10:03,875.198019802
FPix_BmI_D2_ROG1_RNG2_HV,2024-05-20 22:15:43,902.653846154
FPix_BmI_D2_ROG1_RNG2_HV,2024-07-02 01:44:14,1023.86567164
FPix_BmI_D2_ROG1_RNG2_HV,2024-07-16 07:13:52,1102.71296296
FPix_BmI_D2_ROG1_RNG2_HV,2024-07-31 00:28:54,1222.4962963
FPix_BmI_D2_ROG1_RNG2_HV,2024-08-12 22:47:16,1299.90849673
FPix_BmI_D2_ROG1_RNG2_HV,2024-08-24 18:34:40,1281.66979656
FPix_BmI_D2_ROG1_RNG2_HV,2024-09-15 02:20:54,1480.85106383
FPix_BmI_D2_ROG1_RNG2_HV,2024-10-04 17:24:05,1518.08050847
FPix_BmI_D2_ROG1_RNG2_HV,2025-05-29 09:24:16,1397.16352201
FPix_BmI_D2_ROG1_RNG2_HV,2025-06-08 03:48:52,1529.05726872
BPix_BmO_SEC4_LAY23_LAY2_HV,2024-05-13 00:32:04,1830.68230563
BPix_BmO_SEC4_LAY23_LAY2_HV,2024-05-20 22:30:29,1845.17692308
BPix_BmO_SEC4_LAY23_LAY2_HV,2024-07-02 01:29:58,2095.12231183
BPix_BmO_SEC4_LAY23_LAY2_HV,2024-07-16 06:58:42,2266.21076689
BPix_BmO_SEC4_LAY23_LAY2_HV,2024-07-31 00:15:27,2500.54106074
BPix_BmO_SEC4_LAY23_LAY2_HV,2024-08-12 23:02:36,2654.6094495
BPix_BmO_SEC4_LAY23_LAY2_HV,2024-08-24 19:26:34,2719.62013899
BPix_BmO_SEC4_LAY23_LAY2_HV,2024-09-15 02:30:10,3012.50608108
BPix_BmO_SEC4_LAY23_LAY2_HV,2024-10-04 17:30:03,3116.24299065
BPix_BmO_SEC4_LAY23_LAY2_HV,2025-05-29 09:30:48,3094.87857597
BPix_BmO_SEC4_LAY23_LAY2_HV,2025-06-08 04:00:06,3257.09453599
BPix_BpI_SEC6_LAY14_LAY4_HV,2024-05-13 00:30:31,1285.67651888
BPix_BpI_SEC6_LAY14_LAY4_HV,2024-05-20 22:28:27,1298.82152231
BPix_BpI_SEC6_LAY14_LAY4_HV,2024-07-02 01:29:48,1466.09785408
BPix_BpI_SEC6_LAY14_LAY4_HV,2024-07-16 06:58:02,1598.14276486
BPix_BpI_SEC6_LAY14_LAY4_HV,2024-07-31 00:15:02,1775.77975229
BPix_BpI_SEC6_LAY14_LAY4_HV,2024-08-12 23:01:10,1892.61681223
BPix_BpI_SEC6_LAY14_LAY4_HV,2024-08-24 19:25:33,1939.5225777
BPix_BpI_SEC6_LAY14_LAY4_HV,2024-09-15 02:28:58,2162.91957325
BPix_BpI_SEC6_LAY14_LAY4_HV,2024-10-04 17:28:02,2224.94929797
BPix_BpI_SEC6_LAY14_LAY4_HV,2025-05-29 09:32:47,2089.39005897
BPix_BpI_SEC6_LAY14_LAY4_HV,2025-06-08 03:58:43,2196.78608515
BPix_BmO_SEC7_LAY14_LAY1_HV,2024-05-13 00:30:59,1460.9404908
BPix_BmO_SEC7_LAY14_LAY1_HV,2024-05-20 22:29:43,1489.2437276
BPix_BmO_SEC7_LAY14_LAY1_HV,2024-07-02 01:30:59,1871.55647383
BPix_BmO_SEC7_LAY14_LAY1_HV,2024-07-16 07:00:21,2064.99023957
BPix_BmO_SEC7_LAY14_LAY1_HV,2024-07-31 00:15:11,2249.42792623
BPix_BmO_SEC7_LAY14_LAY1_HV,2024-08-12 23:00:22,2642.66874313
BPix_BmO_SEC7_LAY14_LAY1_HV,2024-08-24 19:26:01,2683.41707999
BPix_BmO_SEC7_LAY14_LAY1_HV,2024-09-15 02:30:18,3185.1573836
BPix_BmO_SEC7_LAY14_LAY1_HV,2024-10-04 17:29:17,3338.10363837
BPix_BmO_SEC7_LAY14_LAY1_HV,2025-05-29 09:30:21,3165.36472425
BPix_BmO_SEC7_LAY14_LAY1_HV,2025-06-08 04:00:08,3619.87288786
BPix_BpO_SEC8_LAY14_LAY1_HV,2024-05-13 00:30:35,1391.23374233
BPix_BpO_SEC8_LAY14_LAY1_HV,2024-05-20 22:30:11,1419.82321429
BPix_BpO_SEC8_LAY14_LAY1_HV,2024-07-02 01:30:54,1815.3687905
BPix_BpO_SEC8_LAY14_LAY1_HV,2024-07-16 07:01:42,2021.06090947
BPix_BpO_SEC8_LAY14_LAY1_HV,2024-07-31 00:14:00,2276.34891304
BPix_BpO_SEC8_LAY14_LAY1_HV,2024-08-12 22:58:27,2686.85144282
BPix_BpO_SEC8_LAY14_LAY1_HV,2024-08-24 19:25:11,2707.21678619
BPix_BpO_SEC8_LAY14_LAY1_HV,2024-09-15 02:29:14,3274.65660482
BPix_BpO_SEC8_LAY14_LAY1_HV,2024-10-04 17:29:51,3472.30186722
BPix_BpO_SEC8_LAY14_LAY1_HV,2025-05-29 09:29:56,3295.89578164
BPix_BpO_SEC8_LAY14_LAY1_HV,2025-06-08 04:00:45,3758.50222387
BPix_BmI_SEC5_LAY14_LAY4_HV,2024-05-13 00:32:59,1599.13793103
BPix_BmI_SEC5_LAY14_LAY4_HV,2024-05-20 22:29:44,1616.00566572
BPix_BmI_SEC5_LAY14_LAY4_HV,2024-07-02 01:30:49,1823.81690141
BPix_BmI_SEC5_LAY14_LAY4_HV,2024-07-16 06:59:48,1981.73469388
BPix_BmI_SEC5_LAY14_LAY4_HV,2024-07-31 00:14:46,2196.97847682
BPix_BmI_SEC5_LAY14_LAY4_HV,2024-08-12 23:00:35,2340.14672686
BPix_BmI_SEC5_LAY14_LAY4_HV,2024-08-24 19:23:42,2395.06515581
BPix_BmI_SEC5_LAY14_LAY4_HV,2024-09-15 02:30:11,2673.88645747
BPix_BmI_SEC5_LAY14_LAY4_HV,2024-10-04 17:30:24,2748.85374415
BPix_BmI_SEC5_LAY14_LAY4_HV,2025-05-29 09:31:50,2613.44230769
BPix_BmI_SEC5_LAY14_LAY4_HV,2025-06-08 03:57:43,2745.81050463
BPix_BmO_SEC6_LAY23_LAY2_HV,2024-05-13 00:32:00,1954.80144404
BPix_BmO_SEC6_LAY23_LAY2_HV,2024-05-20 22:30:23,1971.23191095
BPix_BmO_SEC6_LAY23_LAY2_HV,2024-07-02 01:29:47,2240.95739645
BPix_BmO_SEC6_LAY23_LAY2_HV,2024-07-16 07:00:27,2423.20262664
BPix_BmO_SEC6_LAY23_LAY2_HV,2024-07-31 00:15:46,2671.74850299
BPix_BmO_SEC6_LAY23_LAY2_HV,2024-08-12 23:00:47,2835.23868825
BPix_BmO_SEC6_LAY23_LAY2_HV,2024-08-24 19:25:25,2906.88526792
BPix_BmO_SEC6_LAY23_LAY2_HV,2024-09-15 02:29:35,3220.78808158
BPix_BmO_SEC6_LAY23_LAY2_HV,2024-10-04 17:29:05,3331.41196634
BPix_BmO_SEC6_LAY23_LAY2_HV,2025-05-29 09:29:21,3306.80738946
BPix_BmO_SEC6_LAY23_LAY2_HV,2025-06-08 04:00:12,3483.13498264
BPix_BmO_SEC1_LAY23_LAY2_HV,2024-05-13 00:32:03,1347.07142857
BPix_BmO_SEC1_LAY23_LAY2_HV,2024-05-20 22:28:18,1360.77149877
BPix_BmO_SEC1_LAY23_LAY2_HV,2024-07-02 01:29:14,1546.13029827
BPix_BmO_SEC1_LAY23_LAY2_HV,2024-07-16 07:01:31,1669.17986067
BPix_BmO_SEC1_LAY23_LAY2_HV,2024-07-31 00:18:06,1843.7638814
BPix_BmO_SEC1_LAY23_LAY2_HV,2024-08-12 23:02:09,1957.83802817
BPix_BmO_SEC1_LAY23_LAY2_HV,2024-08-24 19:24:48,2003.66331055
BPix_BmO_SEC1_LAY23_LAY2_HV,2024-09-15 02:30:37,2219.81593291
BPix_BmO_SEC1_LAY23_LAY2_HV,2024-10-04 17:28:26,2296.13821457
BPix_BmO_SEC1_LAY23_LAY2_HV,2025-05-29 09:31:13,2269.08435708
BPix_BmO_SEC1_LAY23_LAY2_HV,2025-06-08 03:59:25,2389.17755102
FPix_BpI_D3_ROG4_RNG2_HV,2024-05-13 01:10:23,852.822916667
FPix_BpI_D3_ROG4_RNG2_HV,2024-05-20 22:19:33,894.611111111
FPix_BpI_D3_ROG4_RNG2_HV,2024-07-02 01:23:56,1015.57692308
FPix_BpI_D3_ROG4_RNG2_HV,2024-07-16 07:23:30,1095.05263158
FPix_BpI_D3_ROG4_RNG2_HV,2024-07-30 23:46:43,1210.62962963
FPix_BpI_D3_ROG4_RNG2_HV,2024-08-12 22:59:36,1264.07746479
FPix_BpI_D3_ROG4_RNG2_HV,2024-08-24 17:31:02,1241.44247788
FPix_BpI_D3_ROG4_RNG2_HV,2024-09-15 02:24:36,1465.71698113
FPix_BpI_D3_ROG4_RNG2_HV,2024-10-04 17:21:57,1488.01265823
FPix_BpI_D3_ROG4_RNG2_HV,2025-05-29 08:58:19,1372.07142857
FPix_BpI_D3_ROG4_RNG2_HV,2025-06-08 03:49:03,1512.12605042
BPix_BmO_SEC8_LAY23_LAY3_HV,2024-05-13 00:30:11,2714.03148936
BPix_BmO_SEC8_LAY23_LAY3_HV,2024-05-20 22:29:17,2707.9339263
BPix_BmO_SEC8_LAY23_LAY3_HV,2024-07-02 01:30:34,3148.02006421
BPix_BmO_SEC8_LAY23_LAY3_HV,2024-07-16 07:00:22,3374.65808581
BPix_BmO_SEC8_LAY23_LAY3_HV,2024-07-31 00:15:22,3729.92149368
BPix_BmO_SEC8_LAY23_LAY3_HV,2024-08-12 23:01:08,3970.32594168
BPix_BmO_SEC8_LAY23_LAY3_HV,2024-08-24 19:25:41,4080.97197889
BPix_BmO_SEC8_LAY23_LAY3_HV,2024-09-15 02:30:25,4529.19273183
BPix_BmO_SEC8_LAY23_LAY3_HV,2024-10-04 17:29:43,4748.35101442
BPix_BmO_SEC8_LAY23_LAY3_HV,2025-05-29 09:29:39,4588.54643024
BPix_BmO_SEC8_LAY23_LAY3_HV,2025-06-08 03:59:58,5083.77080491
BPix_BpO_SEC6_LAY14_LAY1_HV,2024-05-13 00:30:23,1576.27446301
BPix_BpO_SEC6_LAY14_LAY1_HV,2024-05-20 22:30:58,1608.93065693
BPix_BpO_SEC6_LAY14_LAY1_HV,2024-07-02 01:30:09,2044.45953437
BPix_BpO_SEC6_LAY14_LAY1_HV,2024-07-16 07:00:23,2263.56135881
BPix_BpO_SEC6_LAY14_LAY1_HV,2024-07-31 00:14:31,2506.76396128
BPix_BpO_SEC6_LAY14_LAY1_HV,2024-08-12 23:00:53,2945.51179941
BPix_BpO_SEC6_LAY14_LAY1_HV,2024-08-24 19:26:27,2964.80329506
BPix_BpO_SEC6_LAY14_LAY1_HV,2024-09-15 02:30:35,3556.55323944
BPix_BpO_SEC6_LAY14_LAY1_HV,2024-10-04 17:29:13,3733.09802306
BPix_BpO_SEC6_LAY14_LAY1_HV,2025-05-29 09:30:32,3554.29918864
BPix_BpO_SEC6_LAY14_LAY1_HV,2025-06-08 03:59:42,4109.55965046
BPix_BpO_SEC2_LAY23_LAY2_HV,2024-05-13 00:30:09,1651.43341404
BPix_BpO_SEC2_LAY23_LAY2_HV,2024-05-20 22:28:59,1664.65953654
BPix_BpO_SEC2_LAY23_LAY2_HV,2024-07-02 01:28:40,1883.30499076
BPix_BpO_SEC2_LAY23_LAY2_HV,2024-07-16 06:59:33,2039.76112186
BPix_BpO_SEC2_LAY23_LAY2_HV,2024-07-31 00:15:45,2256.02919408
BPix_BpO_SEC2_LAY23_LAY2_HV,2024-08-12 23:01:31,2396.47341338
BPix_BpO_SEC2_LAY23_LAY2_HV,2024-08-24 19:25:05,2458.52468073
BPix_BpO_SEC2_LAY23_LAY2_HV,2024-09-15 02:29:21,2717.21690695
BPix_BpO_SEC2_LAY23_LAY2_HV,2024-10-04 17:30:11,2816.56528662
BPix_BpO_SEC2_LAY23_LAY2_HV,2025-05-29 09:30:21,2766.81593576
BPix_BpO_SEC2_LAY23_LAY2_HV,2025-06-08 04:01:44,2904.62225097
FPix_BmI_D1_ROG4_RNG1_HV,2024-05-13 00:49:13,1389.73333333
FPix_BmI_D1_ROG4_RNG1_HV,2024-05-20 22:34:06,1381.57352941
FPix_BmI_D1_ROG4_RNG1_HV,2024-07-02 01:20:06,1661.07317073
FPix_BmI_D1_ROG4_RNG1_HV,2024-07-16 07:06:17,1752.21182266
FPix_BmI_D1_ROG4_RNG1_HV,2024-07-31 00:08:35,1930.81333333
FPix_BmI_D1_ROG4_RNG1_HV,2024-08-12 22:55:21,2089.48447205
FPix_BmI_D1_ROG4_RNG1_HV,2024-08-24 18:47:57,2044.79722047
FPix_BmI_D1_ROG4_RNG1_HV,2024-09-15 02:32:05,2312.24649299
FPix_BmI_D1_ROG4_RNG1_HV,2024-10-04 17:12:38,2398.43020595
FPix_BmI_D1_ROG4_RNG1_HV,2025-05-29 09:23:12,2353.02197802
FPix_BmI_D1_ROG4_RNG1_HV,2025-06-08 03:57:34,2436.44818653
FPix_BmO_D3_ROG2_RNG1_HV,2024-05-13 01:10:18,920.507352941
FPix_BmO_D3_ROG2_RNG1_HV,2024-05-20 22:11:16,969.5
FPix_BmO_D3_ROG2_RNG1_HV,2024-07-02 01:26:23,1170.09174312
FPix_BmO_D3_ROG2_RNG1_HV,2024-07-16 07:15:24,1244.0952381
FPix_BmO_D3_ROG2_RNG1_HV,2024-07-31 00:08:52,1377.03355705
FPix_BmO_D3_ROG2_RNG1_HV,2024-08-12 22:50:27,1467.59574468
FPix_BmO_D3_ROG2_RNG1_HV,2024-08-24 18:21:43,1410.76485788
FPix_BmO_D3_ROG2_RNG1_HV,2024-09-15 02:14:10,1670.62149533
FPix_BmO_D3_ROG2_RNG1_HV,2024-10-04 17:24:30,1713.67041199
FPix_BmO_D3_ROG2_RNG1_HV,2025-05-29 09:11:36,1624.4212766
FPix_BmO_D3_ROG2_RNG1_HV,2025-06-08 03:53:24,1781.93175074
